context_id,date,sleeve,steel_type,alloy_type,workpiece_slice_geometry,num_crystallizer,num_stream,RUL_BIN,cast_in_row_BIN,steel_weighttonn_BIN,steel_temperature_grab1Celsius_BIN,resistance_tonn_BIN,swing_frequency_amount_minute_BIN,crystallizer_movementmm_BIN,alloy_speed_meter_minute_BIN,water_consumption_BIN,water_temperature_deltaCelsius_BIN,temperature_measurement1_Celsius_BIN,temperature_measurement2_Celsius_BIN,num_crystallizer_BIN,num_stream_BIN,n_measurements
K_001,2020-01-05,30012261,St3sp,open,150x150,22,4,Medium,Low,High,High,Low,Medium,Medium,High,High,High,Low,Low,High,Medium,22
K_001,2020-01-05,30013346,St3sp,open,150x150,2,1,Low,Low,High,High,Low,Medium,Medium,High,High,High,Low,Low,Low,Low,20
K_001,2020-01-05,30013350,St3sp,open,150x150,5,2,Medium,Low,High,High,Low,Medium,Medium,High,High,High,Low,Low,Low,Low,22
K_002,2020-01-06,30012261,Arm500,open,180x180,22,4,Critical,Low,Medium,High,Low,Medium,High,Medium,High,High,Low,Low,High,Medium,4
K_002,2020-01-06,30013346,Arm500,open,180x180,2,1,Critical,Low,Medium,High,Low,Medium,High,Medium,High,High,Low,Low,Low,Low,4
K_002,2020-01-06,30013350,Arm500,open,180x180,5,2,Critical,Low,Medium,High,Low,Medium,High,Medium,High,High,Low,Low,Low,Low,4
K_002,2020-01-06,30013863,Arm500,open,180x180,13,3,Healthy,Low,Medium,High,Low,Medium,High,Medium,High,High,Low,Low,Medium,Medium,4
K_002,2020-01-06,30013864,Arm500,open,180x180,15,4,Healthy,Low,Medium,High,Low,Medium,High,Medium,High,High,Low,Low,Medium,Medium,4
K_002,2020-01-06,30013865,Arm500,open,180x180,10,1,Healthy,Low,Medium,High,Low,Medium,High,Medium,High,High,Low,Low,Medium,Low,4
K_002,2020-01-06,30013866,Arm500,open,180x180,17,5,Healthy,Low,Medium,High,Low,Medium,High,Medium,High,High,Low,Low,High,High,4
K_002,2020-01-06,30013868,Arm500,open,180x180,12,2,Healthy,Low,Medium,High,Low,Medium,High,Medium,High,High,Low,Low,Medium,Low,4
K_002,2020-01-06,30013870,Arm500,open,180x180,18,6,Healthy,Low,Medium,High,Low,Medium,High,Medium,High,High,Low,Low,High,High,4
K_003,2020-01-07,30013863,Arm500,open,180x180,13,3,Healthy,Low,High,High,Low,High,High,Medium,High,High,Low,Low,Medium,Medium,30
K_003,2020-01-07,30013864,Arm500,open,180x180,15,4,Healthy,Low,High,High,Low,High,High,Medium,High,High,Low,Low,Medium,Medium,30
K_003,2020-01-07,30013865,Arm500,open,180x180,10,1,Healthy,Low,High,High,Low,High,High,Medium,High,High,Low,Low,Medium,Low,30
K_003,2020-01-07,30013866,Arm500,open,180x180,17,5,Healthy,Low,High,High,Low,High,High,Medium,High,High,Low,Low,High,High,30
K_003,2020-01-07,30013868,Arm500,open,180x180,12,2,Healthy,Low,High,High,Low,High,High,Medium,High,High,Low,Low,Medium,Low,30
K_003,2020-01-07,30013870,Arm500,open,180x180,18,6,Healthy,Low,High,High,Low,High,High,Medium,High,High,Low,Low,High,High,30
K_004,2020-01-08,30013863,Arm500,open,180x180,13,3,Medium,Low,High,High,Low,High,Low,Medium,High,High,Low,Low,Medium,Medium,31
K_004,2020-01-08,30013864,Arm500,open,180x180,15,4,Medium,Low,High,High,Low,High,Low,Medium,High,High,Low,Low,Medium,Medium,19
K_004,2020-01-08,30013865,Arm500,open,180x180,10,1,Medium,Low,High,High,Low,High,Low,Medium,High,High,Low,Low,Medium,Low,31
K_004,2020-01-08,30013866,Arm500,open,180x180,17,5,Medium,Low,High,High,Low,High,Low,Medium,High,High,Low,Low,High,High,31
K_004,2020-01-08,30013868,Arm500,open,180x180,12,2,Medium,Low,High,High,Low,High,Low,Medium,High,High,Low,Low,Medium,Low,31
K_004,2020-01-08,30013870,Arm500,open,180x180,18,6,Medium,Low,High,High,Low,High,Low,Medium,High,High,Low,Low,High,High,31
K_005,2020-01-09,30013863,Arm500,open,180x180,13,3,Low,Low,High,High,Low,High,Low,Medium,High,High,Low,Low,Medium,Medium,29
K_005,2020-01-09,30013864,Arm500,open,180x180,15,4,Low,Low,High,High,Low,High,Low,Medium,High,High,Low,Low,Medium,Medium,29
K_005,2020-01-09,30013865,Arm500,open,180x180,10,1,Low,Low,High,High,Low,High,Low,Medium,High,High,Low,Low,Medium,Low,29
K_005,2020-01-09,30013866,Arm500,open,180x180,17,5,Low,Low,High,High,Low,High,Low,Medium,High,High,Low,Low,High,High,29
K_005,2020-01-09,30013868,Arm500,open,180x180,12,2,Low,Low,High,High,Low,High,Low,Medium,High,High,Low,Low,Medium,Low,29
K_005,2020-01-09,30013870,Arm500,open,180x180,18,6,Low,Low,High,High,Low,High,Low,Medium,High,High,Low,Low,High,High,29
K_006,2020-01-10,30013356,Arm500,open,180x180,14,6,Critical,Medium,Medium,High,Low,High,Low,Medium,High,High,Low,Low,Medium,High,32
K_006,2020-01-10,30013358,Arm500,open,180x180,11,5,Critical,Medium,Medium,High,Low,High,Low,Medium,High,High,Low,Low,Medium,High,32
K_006,2020-01-10,30013863,Arm500,open,180x180,13,3,Critical,Medium,Medium,High,Low,High,Low,Medium,High,High,Low,Low,Medium,Medium,32
K_006,2020-01-10,30013864,Arm500,open,180x180,15,4,Critical,Medium,High,High,Low,High,Low,Medium,High,High,Low,Low,Medium,Medium,19
K_006,2020-01-10,30013865,Arm500,open,180x180,10,1,Critical,Medium,Medium,High,Low,High,Low,Medium,High,High,Low,Low,Medium,Low,32
K_006,2020-01-10,30013866,Arm500,open,180x180,17,5,Critical,Medium,Medium,High,Low,High,Low,Medium,High,High,Low,Low,High,High,32
K_006,2020-01-10,30013868,Arm500,open,180x180,12,2,Critical,Medium,Medium,High,Low,High,Low,Medium,High,High,Low,Low,Medium,Low,32
K_006,2020-01-10,30013870,Arm500,open,180x180,18,6,Critical,Medium,Medium,High,Low,High,Low,Medium,High,High,Low,Low,High,High,32
K_007,2020-02-05,30012909,Arm500,open,180x180,23,5,Healthy,Low,High,High,Low,Medium,Low,Medium,High,High,Low,Low,High,High,14
K_007,2020-02-05,30013347,Arm500,open,180x180,1,6,Critical,Low,High,High,Low,Medium,Low,Medium,High,High,Low,Low,Low,High,16
K_007,2020-02-05,30013349,Arm500,open,180x180,20,4,Healthy,Low,High,High,Low,Medium,Low,Medium,High,High,Low,Low,High,Medium,16
K_007,2020-02-05,30013351,Arm500,open,180x180,19,1,Healthy,Low,High,High,Low,Medium,Low,Medium,High,High,Low,Low,High,Low,17
K_007,2020-02-05,30013352,Arm500,open,180x180,3,2,Healthy,Low,High,High,Low,Medium,Low,Medium,High,High,Low,Low,Low,Low,14
K_007,2020-02-05,30013353,Arm500,open,180x180,4,3,Healthy,Low,High,High,Low,Medium,Low,Medium,High,High,Low,Low,Low,Medium,17
K_008,2020-02-07,30012903,Arm500,open,180x180,22,1,Healthy,Low,High,High,Low,High,Low,Medium,High,High,Low,Low,High,Low,20
K_008,2020-02-07,30012904,Arm500,open,180x180,6,2,Healthy,Low,High,High,Low,High,Low,Medium,High,High,Low,Low,Low,Low,20
K_008,2020-02-07,30012909,Arm500,open,180x180,23,5,Healthy,Low,High,High,Low,High,Low,Medium,High,High,Low,Low,High,High,20
K_008,2020-02-07,30012910,Arm500,open,180x180,21,3,Healthy,Low,High,High,Low,High,Low,Medium,High,High,Low,Low,High,Medium,18
K_008,2020-02-07,30013349,Arm500,open,180x180,20,4,Medium,Low,High,High,Low,High,Low,Medium,High,High,Low,Low,High,Medium,20
K_008,2020-02-07,30013351,Arm500,open,180x180,19,1,Critical,Low,High,High,Low,High,Low,Medium,High,High,Low,Low,High,Low,20
K_008,2020-02-07,30013353,Arm500,open,180x180,4,6,Medium,Low,High,High,Low,High,Low,Medium,High,High,Low,Low,Low,High,20
K_009,2020-02-08,30012903,Arm500,open,180x180,22,1,Healthy,Medium,Medium,High,Low,High,Low,Medium,High,High,Low,Low,High,Low,33
K_009,2020-02-08,30012904,Arm500,open,180x180,6,2,Healthy,Medium,Medium,High,Low,High,Low,Medium,High,High,Low,Low,Low,Low,32
K_009,2020-02-08,30012909,Arm500,open,180x180,23,5,Healthy,Medium,Medium,High,Low,High,Low,Medium,High,High,Low,Low,High,High,34
K_009,2020-02-08,30012910,Arm500,open,180x180,21,3,Low,Medium,Medium,High,Low,High,Low,Medium,High,High,Low,Low,High,Medium,34
K_009,2020-02-08,30013349,Arm500,open,180x180,20,4,Low,Medium,Medium,High,Low,High,Low,Medium,High,High,Low,Low,High,Medium,34
K_009,2020-02-08,30013353,Arm500,open,180x180,4,6,Low,Medium,Medium,High,Low,High,Low,Medium,High,High,Low,Low,Low,High,34
K_010,2020-02-09,30012088,Arm500,open,180x180,1,4,Healthy,Medium,High,High,Low,High,Low,Medium,High,High,Low,Low,Low,Medium,14
K_010,2020-02-09,30012903,Arm500,open,180x180,22,1,Medium,Medium,High,High,Low,High,Low,Medium,High,High,Low,Low,High,Low,14
K_010,2020-02-09,30012904,Arm500,open,180x180,6,2,Medium,Medium,High,High,Low,High,Low,Medium,High,High,Low,Low,Low,Low,14
K_010,2020-02-09,30012909,Arm500,open,180x180,23,5,Medium,Medium,High,High,Low,High,Low,Medium,High,High,Low,Low,High,High,14
K_010,2020-02-09,30012910,Arm500,open,180x180,21,3,Critical,Medium,High,High,Low,High,Low,Medium,High,High,Low,Low,High,Medium,14
K_010,2020-02-09,30013349,Arm500,open,180x180,20,4,Critical,Medium,High,High,Low,High,Low,Medium,High,High,Low,Low,High,Medium,14
K_010,2020-02-09,30013352,Arm500,open,180x180,3,5,Low,Medium,High,High,Low,High,Low,Medium,High,High,Low,Low,Low,High,14
K_010,2020-02-09,30013353,Arm500,open,180x180,4,6,Critical,Medium,High,High,Low,High,Low,Medium,High,High,Low,Low,Low,High,14
K_011,2020-02-10,30012088,Arm500,open,180x180,1,4,Critical,Low,Medium,High,Low,High,Low,Medium,High,High,Low,Low,Low,Medium,3
K_011,2020-02-10,30012903,Arm500,open,180x180,22,1,Medium,Low,Medium,High,Low,High,Low,Medium,High,High,Low,Low,High,Low,3
K_011,2020-02-10,30012904,Arm500,open,180x180,6,2,Medium,Low,Medium,High,Low,High,Low,Medium,High,High,Low,Low,Low,Low,3
K_011,2020-02-10,30012910,Arm500,open,180x180,21,3,Critical,Low,Medium,High,Low,High,Low,Medium,High,High,Low,Low,High,Medium,3
K_011,2020-02-10,30013352,Arm500,open,180x180,3,5,Critical,Low,Medium,High,Low,High,Low,Medium,High,High,Low,Low,Low,High,3
K_011,2020-02-10,30013353,Arm500,open,180x180,4,6,Critical,Low,Medium,High,Low,High,Low,Medium,High,High,Low,Low,Low,High,3
K_012,2020-03-05,30011717,Arm500,open,180x180,1,3,Healthy,Low,High,High,Low,Medium,Low,Medium,High,High,Low,Low,Low,Medium,31
K_012,2020-03-05,30012903,Arm500,open,180x180,22,2,Low,Low,High,High,Low,Medium,Low,Medium,High,High,Low,Low,High,Low,31
K_012,2020-03-05,30012904,Arm500,open,180x180,6,4,Low,Low,High,High,Low,Medium,Low,Medium,High,High,Low,Low,Low,Medium,26
K_012,2020-03-05,30012905,Arm500,open,180x180,5,5,Healthy,Low,High,High,Low,Medium,Low,Medium,High,High,Low,Low,Low,High,31
K_012,2020-03-05,30012907,Arm500,open,180x180,4,6,Critical,Low,High,High,Low,Medium,Low,Medium,High,High,Low,Low,Low,High,31
K_012,2020-03-05,30012909,Arm500,open,180x180,23,3,Medium,Low,High,High,Low,Medium,Low,Medium,High,High,Low,Low,High,Medium,31
K_012,2020-03-05,30012912,Arm500,open,180x180,2,1,Healthy,Low,High,High,Low,Medium,Low,Medium,High,High,Low,Low,Low,Low,31
K_012,2020-03-05,30012913,Arm500,open,180x180,24,6,Healthy,Low,High,High,Low,Medium,Low,Medium,High,High,Low,Low,High,High,31
K_013,2020-03-07,30012903,Arm500,open,180x180,22,2,Low,Low,High,High,Low,High,High,Medium,High,High,Low,Low,High,Low,32
K_013,2020-03-07,30012904,Arm500,open,180x180,6,4,Low,Low,High,High,Low,High,High,Medium,High,High,Low,Low,Low,Medium,32
K_013,2020-03-07,30012905,Arm500,open,180x180,5,5,Medium,Low,High,High,Low,High,High,Medium,High,High,Low,Low,Low,High,32
K_013,2020-03-07,30012909,Arm500,open,180x180,23,3,Low,Low,High,High,Low,High,High,Medium,High,High,Low,Low,High,Medium,32
K_013,2020-03-07,30012912,Arm500,open,180x180,2,1,Low,Low,High,High,Low,High,High,Medium,High,High,Low,Low,Low,Low,32
K_013,2020-03-07,30012913,Arm500,open,180x180,24,6,Medium,Low,High,High,Low,High,High,Medium,High,High,Low,Low,High,High,32
K_014,2020-03-08,30011717,Arm500,open,180x180,1,4,Low,Medium,Medium,High,Low,High,Low,Medium,High,High,Low,Low,Low,Medium,34
K_014,2020-03-08,30012903,Arm500,open,180x180,22,2,Critical,Medium,Medium,High,Low,High,Low,Medium,High,High,Low,Low,High,Low,34
K_014,2020-03-08,30012904,Arm500,open,180x180,6,4,Critical,Medium,Medium,High,Low,High,Low,Medium,High,High,Low,Low,Low,Medium,34
K_014,2020-03-08,30012905,Arm500,open,180x180,5,5,Low,Medium,Medium,High,Low,High,Low,Medium,High,High,Low,Low,Low,High,34
K_014,2020-03-08,30012909,Arm500,open,180x180,23,3,Critical,Medium,Medium,High,Low,High,Low,Medium,High,High,Low,Low,High,Medium,32
K_014,2020-03-08,30012912,Arm500,open,180x180,2,1,Critical,Medium,Medium,High,Low,High,Low,Medium,High,High,Low,Low,Low,Low,34
K_014,2020-03-08,30012913,Arm500,open,180x180,24,6,Low,Medium,Medium,High,Low,High,Low,Medium,High,High,Low,Low,High,High,34
K_014,2020-03-08,30014079,Arm500,open,180x180,19,2,Medium,Medium,Medium,High,Low,High,Low,Medium,High,High,Low,Low,High,Low,34
K_014,2020-03-08,30014080,Arm500,open,180x180,3,1,Medium,Medium,Medium,High,Low,High,Low,Medium,High,High,Low,Low,Low,Low,34
K_015,2020-03-09,30011717,Arm500,open,180x180,1,4,Critical,Low,High,High,Low,High,Low,Medium,High,High,Low,Low,Low,Medium,33
K_015,2020-03-09,30012905,Arm500,open,180x180,5,5,Critical,Low,High,High,Low,High,Low,Medium,High,High,Low,Low,Low,High,33
K_015,2020-03-09,30012909,Arm500,open,180x180,23,3,Critical,Low,High,High,Low,High,Low,Medium,High,High,Low,Low,High,Medium,33
K_015,2020-03-09,30012913,Arm500,open,180x180,24,6,Critical,Low,High,High,Low,High,Low,Medium,High,High,Low,Low,High,High,33
K_015,2020-03-09,30014079,Arm500,open,180x180,19,2,Critical,Low,High,High,Low,High,Low,Medium,High,High,Low,Low,High,Low,33
K_015,2020-03-09,30014080,Arm500,open,180x180,3,1,Critical,Low,High,High,Low,High,Low,Medium,High,High,Low,Low,Low,Low,33
K_016,2020-04-07,30014077,Arm500,open,180x180,21,1,Healthy,Medium,High,High,Low,High,Low,Medium,High,High,Low,Low,High,Low,33
K_016,2020-04-07,30014082,Arm500,open,180x180,22,6,Healthy,Medium,High,High,Low,High,Low,Medium,High,High,Low,Low,High,High,33
K_016,2020-04-07,30014083,Arm500,open,180x180,23,4,Healthy,Medium,High,High,Low,High,Low,Medium,High,High,Low,Low,High,Medium,33
K_016,2020-04-07,30014084,Arm500,open,180x180,19,5,Healthy,Medium,High,High,Low,High,Low,Medium,High,High,Low,Low,High,High,33
K_016,2020-04-07,30014085,Arm500,open,180x180,2,3,Healthy,Medium,High,High,Low,High,Low,Medium,High,High,Low,Low,Low,Medium,33
K_017,2020-04-08,30012264,Arm500,open,180x180,20,2,Critical,Low,Medium,High,Low,High,Low,Medium,High,High,Low,Low,High,Low,1
K_017,2020-04-08,30014077,Arm500,open,180x180,21,1,Low,High,Medium,High,Low,High,Low,Medium,High,High,Low,Low,High,Low,22
K_017,2020-04-08,30014082,Arm500,open,180x180,22,6,Low,High,Medium,High,Low,High,Low,Medium,High,High,Low,Low,High,High,22
K_017,2020-04-08,30014083,Arm500,open,180x180,23,4,Low,High,Medium,High,Low,High,Low,Medium,High,High,Low,Low,High,Medium,22
K_017,2020-04-08,30014084,Arm500,open,180x180,19,5,Low,High,Medium,High,Low,High,Low,Medium,High,High,Low,Low,High,High,22
K_017,2020-04-08,30014085,Arm500,open,180x180,2,3,Low,High,Medium,High,Low,High,Low,Medium,High,High,Low,Low,Low,Medium,22
K_018,2020-04-09,30014077,Arm500,open,180x180,21,1,Critical,Medium,Medium,High,Low,High,Low,Medium,High,High,Low,Low,High,Low,31
K_018,2020-04-09,30014082,Arm500,open,180x180,22,6,Critical,Medium,Medium,High,Low,High,Low,Medium,High,High,Low,Low,High,High,31
K_018,2020-04-09,30014083,Arm500,open,180x180,23,4,Critical,Medium,Medium,High,Low,High,Low,Medium,High,High,Low,Low,High,Medium,31
K_018,2020-04-09,30014084,Arm500,open,180x180,19,5,Critical,Medium,Medium,High,Low,High,Low,Medium,High,High,Low,Low,High,High,31
K_018,2020-04-09,30014085,Arm500,open,180x180,2,3,Critical,Medium,Medium,High,Low,High,Low,Medium,High,High,Low,Low,Low,Medium,31
K_019,2020-05-05,30014183,St3sp,open,150x150,19,4,Healthy,Low,High,High,Low,Medium,High,High,High,High,Low,Low,High,Medium,32
K_019,2020-05-05,30014184,St3sp,open,150x150,24,1,Healthy,Low,High,High,Low,Medium,High,High,High,High,Low,Low,High,Low,32
K_019,2020-05-05,30014185,St3sp,open,150x150,5,5,Healthy,Low,High,High,Low,Medium,High,High,High,High,Low,Low,Low,High,32
K_019,2020-05-05,30014186,St3sp,open,150x150,2,2,Healthy,Low,High,High,Low,Medium,High,High,High,High,Low,Low,Low,Low,32
K_019,2020-05-05,30014187,St3sp,open,150x150,22,3,Healthy,Low,High,High,Low,Medium,High,High,High,High,Low,Low,High,Medium,32
K_020,2020-05-07,30014183,Arm500,open,180x180,19,4,Medium,Low,High,High,Low,High,High,Medium,High,High,Low,Low,High,Medium,33
K_020,2020-05-07,30014184,Arm500,open,180x180,24,1,Medium,Low,High,High,Low,High,High,Medium,High,High,Low,Low,High,Low,33
K_020,2020-05-07,30014185,Arm500,open,180x180,5,5,Medium,Low,High,High,Low,High,High,Medium,High,High,Low,Low,Low,High,33
K_020,2020-05-07,30014186,Arm500,open,180x180,2,2,Medium,Low,High,High,Low,High,High,Medium,High,High,Low,Low,Low,Low,33
K_020,2020-05-07,30014187,Arm500,open,180x180,22,3,Healthy,Low,High,High,Low,High,High,Medium,High,High,Low,Low,High,Medium,33
K_020,2020-05-07,30014189,Arm500,open,180x180,20,6,Critical,Low,Medium,High,Low,High,High,Medium,High,High,Low,Low,High,High,1
K_021,2020-05-08,30014183,Arm500,open,180x180,19,4,Low,Medium,High,High,Low,High,Low,Medium,High,High,Low,Low,High,Medium,32
K_021,2020-05-08,30014184,Arm500,open,180x180,24,1,Low,Medium,High,High,Low,High,Low,Medium,High,High,Low,Low,High,Low,32
K_021,2020-05-08,30014185,Arm500,open,180x180,5,5,Low,Medium,High,High,Low,High,Low,Medium,High,High,Low,Low,Low,High,32
K_021,2020-05-08,30014186,Arm500,open,180x180,2,2,Low,Medium,High,High,Low,High,Low,Medium,High,High,Low,Low,Low,Low,32
K_021,2020-05-08,30014187,Arm500,open,180x180,22,3,Medium,Medium,High,High,Low,High,Low,Medium,High,High,Low,Low,High,Medium,32
K_022,2020-05-09,30013359,Arm500,open,180x180,10,2,Healthy,Medium,High,High,Low,High,Low,Medium,High,High,Low,Low,Medium,Low,37
K_022,2020-05-09,30013363,Arm500,open,180x180,16,5,Critical,Medium,High,High,Low,High,Low,Medium,High,High,Low,Low,Medium,High,37
K_022,2020-05-09,30014134,Arm500,open,180x180,7,1,Healthy,Medium,High,High,Low,High,Low,Medium,High,High,Low,Low,Low,Low,37
K_022,2020-05-09,30014141,Arm500,open,180x180,11,4,Healthy,Medium,High,High,Low,High,Low,Medium,High,High,Low,Low,Medium,Medium,37
K_022,2020-05-09,30014142,Arm500,open,180x180,8,6,Healthy,Medium,High,High,Low,High,Low,Medium,High,High,Low,Low,Low,High,37
K_022,2020-05-09,30014144,Arm500,open,180x180,11,3,Healthy,Medium,High,High,Low,High,Low,Medium,High,High,Low,Low,Medium,Medium,37
K_022,2020-05-09,30014183,Arm500,open,180x180,19,4,Critical,Medium,High,High,Low,High,Low,Medium,High,High,Low,Low,High,Medium,37
K_022,2020-05-09,30014184,Arm500,open,180x180,24,1,Critical,Medium,High,High,Low,High,Low,Medium,High,High,Low,Low,High,Low,37
K_022,2020-05-09,30014185,Arm500,open,180x180,5,5,Critical,Medium,High,High,Low,High,Low,Medium,High,High,Low,Low,Low,High,37
K_022,2020-05-09,30014186,Arm500,open,180x180,2,2,Critical,Medium,High,High,Low,High,Low,Medium,High,High,Low,Low,Low,Low,37
K_022,2020-05-09,30014187,Arm500,open,180x180,22,3,Medium,Medium,High,High,Low,High,Low,Medium,High,High,Low,Low,High,Medium,37
K_023,2020-05-13,30014136,Arm500,open,180x180,13,5,Healthy,Low,High,High,Low,Medium,Low,Medium,High,High,Low,Low,Medium,High,33
K_023,2020-05-13,30014138,Arm500,open,180x180,17,2,Healthy,Low,High,High,Low,Medium,Low,Medium,High,High,Low,Low,High,Low,33
K_023,2020-05-13,30014141,Arm500,open,180x180,12,4,Healthy,Low,High,High,Low,Medium,Low,Medium,High,High,Low,Low,Medium,Medium,33
K_023,2020-05-13,30014142,Arm500,open,180x180,8,6,Healthy,Low,High,High,Low,Medium,Low,Medium,High,High,Low,Low,Low,High,33
K_023,2020-05-13,30014144,Arm500,open,180x180,11,3,Healthy,Low,High,High,Low,Medium,Low,Medium,High,High,Low,Low,Medium,Medium,33
K_024,2020-05-14,30014136,Arm500,open,180x180,13,5,Healthy,Low,High,High,Low,High,Low,Medium,High,High,Low,Low,Medium,High,32
K_024,2020-05-14,30014138,Arm500,open,180x180,17,2,Healthy,Low,High,High,Low,High,Low,Medium,High,High,Low,Low,High,Low,32
K_024,2020-05-14,30014141,Arm500,open,180x180,12,4,Medium,Low,High,High,Low,High,Low,Medium,High,High,Low,Low,Medium,Medium,32
K_024,2020-05-14,30014142,Arm500,open,180x180,8,6,Medium,Low,High,High,Low,High,Low,Medium,High,High,Low,Low,Low,High,32
K_024,2020-05-14,30014144,Arm500,open,180x180,11,3,Healthy,Low,High,High,Low,High,Low,Medium,High,High,Low,Low,Medium,Medium,32
K_025,2020-05-15,30014136,25G2S,open,180x180,13,5,Healthy,Low,High,High,Low,Medium,Low,Medium,High,High,Low,Low,Medium,High,29
K_025,2020-05-15,30014138,25G2S,open,180x180,17,2,Medium,Low,High,High,Low,Medium,Low,Medium,High,High,Low,Low,High,Low,29
K_025,2020-05-15,30014141,25G2S,open,180x180,12,4,Medium,Low,High,High,Low,Medium,Low,Medium,High,High,Low,Low,Medium,Medium,29
K_025,2020-05-15,30014142,25G2S,open,180x180,8,6,Medium,Low,High,High,Low,Medium,Low,Medium,High,High,Low,Low,Low,High,29
K_025,2020-05-15,30014144,25G2S,open,180x180,11,3,Healthy,Low,High,High,Low,Medium,Low,Medium,High,High,Low,Low,Medium,Medium,29
K_026,2020-05-16,30014136,1018,open,180x180,13,5,Medium,Low,High,High,Low,Medium,Low,Medium,High,High,Low,Low,Medium,High,30
K_026,2020-05-16,30014138,1018,open,180x180,17,2,Medium,Low,High,High,Low,Medium,Low,Medium,High,High,Low,Low,High,Low,30
K_026,2020-05-16,30014141,1018,open,180x180,12,4,Medium,Low,High,High,Low,Medium,Low,Medium,High,High,Low,Low,Medium,Medium,30
K_026,2020-05-16,30014142,1018,open,180x180,8,6,Low,Low,High,High,Low,Medium,Low,Medium,High,High,Low,Low,Low,High,30
K_026,2020-05-16,30014144,1018,open,180x180,11,3,Healthy,Low,High,High,Low,Medium,Low,Medium,High,High,Low,Low,Medium,Medium,30
K_027,2020-05-17,30014078,Arm500,open,180x180,3,1,Healthy,Low,High,High,Low,Medium,Low,Medium,High,High,Low,Low,Low,Low,26
K_027,2020-05-17,30014136,Arm500,open,180x180,13,5,Medium,Low,High,High,Low,Medium,Low,Medium,High,High,Low,Low,Medium,High,26
K_027,2020-05-17,30014138,Arm500,open,180x180,17,2,Medium,Low,High,High,Low,Medium,Low,Medium,High,High,Low,Low,High,Low,26
K_027,2020-05-17,30014141,Arm500,open,180x180,12,4,Low,Low,High,High,Low,Medium,Low,Medium,High,High,Low,Low,Medium,Medium,26
K_027,2020-05-17,30014142,Arm500,open,180x180,8,6,Low,Low,High,High,Low,Medium,Low,Medium,High,High,Low,Low,Low,High,26
K_027,2020-05-17,30014144,Arm500,open,180x180,11,3,Healthy,Low,High,High,Low,Medium,Low,Medium,High,High,Low,Low,Medium,Medium,26
K_027,2020-05-17,30014188,Arm500,open,180x180,1,5,Healthy,Low,High,High,Low,Medium,Low,Medium,High,High,Low,Low,Low,High,26
K_027,2020-05-17,30014190,Arm500,open,180x180,21,2,Healthy,Low,High,High,Low,Medium,Low,Medium,High,High,Low,Low,High,Low,26
K_027,2020-05-17,30014191,Arm500,open,180x180,4,6,Healthy,Low,High,High,Low,Medium,Low,Medium,High,High,Low,Low,Low,High,26
K_027,2020-05-17,30014192,Arm500,open,180x180,23,3,Healthy,Low,High,High,Low,Medium,Low,Medium,High,High,Low,Low,High,Medium,26
K_027,2020-05-17,30014193,Arm500,open,180x180,6,4,Healthy,Low,High,High,Low,Medium,Low,Medium,High,High,Low,Low,Low,Medium,26
K_028,2020-05-18,30014078,St4sp,open,150x150,3,1,Medium,Medium,High,High,Low,Low,High,High,High,High,Low,Low,Low,Low,32
K_028,2020-05-18,30014144,St4sp,open,150x150,11,3,Healthy,Medium,High,High,Low,Low,High,High,High,High,Low,Low,Medium,Medium,32
K_028,2020-05-18,30014188,St4sp,open,150x150,1,5,Medium,Medium,High,High,Low,Low,High,High,High,High,Low,Low,Low,High,32
K_028,2020-05-18,30014190,St4sp,open,150x150,21,2,Healthy,Medium,High,High,Low,Low,High,High,High,High,Low,Low,High,Low,32
K_028,2020-05-18,30014191,St4sp,open,150x150,4,6,Healthy,Medium,High,High,Low,Low,High,High,High,High,Low,Low,Low,High,32
K_028,2020-05-18,30014192,St4sp,open,150x150,23,3,Healthy,Medium,High,High,Low,Low,High,High,High,High,Low,Low,High,Medium,32
K_028,2020-05-18,30014193,St4sp,open,150x150,6,4,Healthy,Medium,High,High,Low,Low,High,High,High,High,Low,Low,Low,Medium,32
K_029,2020-05-19,30013359,Arm500,open,180x180,10,3,Healthy,Low,High,High,Low,Medium,Low,Medium,High,High,Low,Low,Medium,Medium,28
K_029,2020-05-19,30013867,Arm500,open,180x180,9,2,Healthy,Low,High,High,Low,Medium,Low,Medium,High,High,Low,Low,Medium,Low,28
K_029,2020-05-19,30014078,Arm500,open,180x180,3,1,Low,Low,High,High,Low,Medium,Low,Medium,High,High,Low,Low,Low,Low,28
K_029,2020-05-19,30014136,Arm500,open,180x180,13,4,Medium,Low,High,High,Low,Medium,Low,Medium,High,High,Low,Low,Medium,Medium,28
K_029,2020-05-19,30014138,Arm500,open,180x180,17,6,Low,Low,High,High,Low,Medium,Low,Medium,High,High,Low,Low,High,High,28
K_029,2020-05-19,30014142,Arm500,open,180x180,8,1,Critical,Low,High,High,Low,Medium,Low,Medium,High,High,Low,Low,Low,Low,28
K_029,2020-05-19,30014144,Arm500,open,180x180,11,3,Medium,Low,High,High,Low,Medium,Low,Medium,High,High,Low,Low,Medium,Medium,28
K_029,2020-05-19,30014188,Arm500,open,180x180,1,5,Medium,Low,High,High,Low,Medium,Low,Medium,High,High,Low,Low,Low,High,28
K_029,2020-05-19,30014190,Arm500,open,180x180,21,2,Medium,Low,High,High,Low,Medium,Low,Medium,High,High,Low,Low,High,Low,28
K_029,2020-05-19,30014191,Arm500,open,180x180,4,6,Medium,Low,High,High,Low,Medium,Low,Medium,High,High,Low,Low,Low,High,28
K_029,2020-05-19,30014192,Arm500,open,180x180,23,3,Medium,Low,High,High,Low,Medium,Low,Medium,High,High,Low,Low,High,Medium,28
K_029,2020-05-19,30014193,Arm500,open,180x180,6,4,Medium,Low,High,High,Low,Medium,Low,Medium,High,High,Low,Low,Low,Medium,28
K_030,2020-05-20,30013359,Arm500,open,180x180,10,3,Medium,Low,High,High,Low,High,Low,Medium,High,High,Low,Low,Medium,Medium,29
K_030,2020-05-20,30013867,Arm500,open,180x180,9,2,Low,Low,High,High,Low,High,Low,Medium,High,High,Low,Low,Medium,Low,29
K_030,2020-05-20,30014136,Arm500,open,180x180,13,4,Low,Low,High,High,Low,High,Low,Medium,High,High,Low,Low,Medium,Medium,29
K_030,2020-05-20,30014138,Arm500,open,180x180,17,6,Low,Low,High,High,Low,High,Low,Medium,High,High,Low,Low,High,High,29
K_030,2020-05-20,30014142,Arm500,open,180x180,8,1,Critical,Low,High,High,Low,High,Low,Medium,High,High,Low,Low,Low,Low,29
K_030,2020-05-20,30014144,Arm500,open,180x180,11,3,Medium,Low,High,High,Low,High,Low,Medium,High,High,Low,Low,Medium,Medium,29
K_031,2020-05-21,30013359,Arm500,open,180x180,10,3,Medium,Low,High,High,Low,Medium,Low,Medium,High,High,Low,Low,Medium,Medium,21
K_031,2020-05-21,30013867,Arm500,open,180x180,9,2,Critical,Low,High,High,Low,Medium,Low,Medium,High,High,Low,Low,Medium,Low,21
K_031,2020-05-21,30014078,Arm500,open,180x180,3,1,Low,Low,High,High,Low,Medium,Low,Medium,High,High,Low,Low,Low,Low,21
K_031,2020-05-21,30014136,Arm500,open,180x180,13,4,Low,Low,High,High,Low,Medium,Low,Medium,High,High,Low,Low,Medium,Medium,21
K_031,2020-05-21,30014138,Arm500,open,180x180,17,6,Low,Low,High,High,Low,Medium,Low,Medium,High,High,Low,Low,High,High,21
K_031,2020-05-21,30014142,Arm500,open,180x180,8,1,Critical,Low,High,High,Low,Medium,Low,Medium,High,High,Low,Low,Low,Low,21
K_031,2020-05-21,30014144,Arm500,open,180x180,11,3,Medium,Low,High,High,Low,Medium,Low,Medium,High,High,Low,Low,Medium,Medium,21
K_031,2020-05-21,30014187,Arm500,open,180x180,22,3,Low,Low,High,High,Low,Medium,Low,Medium,High,High,Low,Low,High,Medium,21
K_031,2020-05-21,30014190,Arm500,open,180x180,21,2,Medium,Low,High,High,Low,Medium,Low,Medium,High,High,Low,Low,High,Low,21
K_031,2020-05-21,30014191,Arm500,open,180x180,4,5,Medium,Low,High,High,Low,Medium,Low,Medium,High,High,Low,Low,Low,High,21
K_031,2020-05-21,30014192,Arm500,open,180x180,23,4,Medium,Low,High,High,Low,Medium,Low,Medium,High,High,Low,Low,High,Medium,21
K_031,2020-05-21,30014193,Arm500,open,180x180,6,6,Medium,Low,High,High,Low,Medium,Low,Medium,High,High,Low,Low,Low,High,21
K_032,2020-05-22,30013871,St4sp,open,150x150,16,3,Healthy,Medium,High,High,Low,Low,High,High,High,High,Low,Low,Medium,Medium,28
K_032,2020-05-22,30013872,St4sp,open,150x150,18,6,Healthy,Medium,High,High,Low,Low,High,High,High,High,Low,Low,High,High,28
K_032,2020-05-22,30013875,St4sp,open,150x150,15,1,Healthy,Medium,High,High,Low,Low,High,High,High,High,Low,Low,Medium,Low,28
K_032,2020-05-22,30014078,St4sp,open,150x150,3,1,Critical,Medium,High,High,Low,Low,High,High,High,High,Low,Low,Low,Low,28
K_032,2020-05-22,30014134,St4sp,open,150x150,7,2,Medium,Medium,High,High,Low,Low,High,High,High,High,Low,Low,Low,Low,28
K_032,2020-05-22,30014141,St4sp,open,150x150,12,5,Low,Medium,High,High,Low,Low,High,High,High,High,Low,Low,Medium,High,28
K_032,2020-05-22,30014144,St4sp,open,150x150,11,3,Medium,Medium,High,High,Low,Low,High,High,High,High,Low,Low,Medium,Medium,56
K_032,2020-05-22,30014187,St4sp,open,150x150,22,3,Low,Medium,High,High,Low,Low,High,High,High,High,Low,Low,High,Medium,28
K_032,2020-05-22,30014190,St4sp,open,150x150,21,2,Low,Medium,High,High,Low,Low,High,High,High,High,Low,Low,High,Low,28
K_032,2020-05-22,30014191,St4sp,open,150x150,4,5,Low,Medium,High,High,Low,Low,High,High,High,High,Low,Low,Low,High,28
K_032,2020-05-22,30014192,St4sp,open,150x150,23,4,Low,Medium,High,High,Low,Low,High,High,High,High,Low,Low,High,Medium,28
K_032,2020-05-22,30014193,St4sp,open,150x150,6,6,Low,Medium,High,High,Low,Low,High,High,High,High,Low,Low,Low,High,28
K_033,2020-05-23,30013871,Arm500,open,180x180,16,3,Healthy,Low,High,High,Low,Medium,Low,Medium,High,High,Low,Low,Medium,Medium,30
K_033,2020-05-23,30013872,Arm500,open,180x180,18,6,Medium,Low,High,High,Low,Medium,Low,Medium,High,High,Low,Low,High,High,30
K_033,2020-05-23,30013875,Arm500,open,180x180,15,1,Healthy,Low,High,High,Low,Medium,Low,Medium,High,High,Low,Low,Medium,Low,30
K_033,2020-05-23,30014134,Arm500,open,180x180,7,2,Low,Low,High,High,Low,Medium,Low,Medium,High,High,Low,Low,Low,Low,30
K_033,2020-05-23,30014141,Arm500,open,180x180,12,5,Critical,Low,High,High,Low,Medium,Low,Medium,High,High,Low,Low,Medium,High,30
K_033,2020-05-23,30014144,Arm500,open,180x180,11,3,Medium,Low,High,High,Low,Medium,Low,Medium,High,High,Low,Low,Medium,Medium,59
K_034,2020-05-24,30013871,Arm500,open,180x180,16,3,Medium,Low,High,High,Low,High,Low,Medium,High,High,Low,Low,Medium,Medium,28
K_034,2020-05-24,30013872,Arm500,open,180x180,18,6,Low,Low,High,High,Low,High,Low,Medium,High,High,Low,Low,High,High,28
K_034,2020-05-24,30013875,Arm500,open,180x180,15,1,Healthy,Low,High,High,Low,High,Low,Medium,High,High,Low,Low,Medium,Low,28
K_034,2020-05-24,30014134,Arm500,open,180x180,7,2,Low,Low,High,High,Low,High,Low,Medium,High,High,Low,Low,Low,Low,13
K_034,2020-05-24,30014141,Arm500,open,180x180,12,5,Critical,Low,High,High,Low,High,Low,Medium,High,High,Low,Low,Medium,High,27
K_034,2020-05-24,30014144,Arm500,open,180x180,11,3,Low,Low,High,High,Low,High,Low,Medium,High,High,Low,Low,Medium,Medium,56
K_035,2020-05-25,30013871,Arm500,open,180x180,16,3,Medium,Low,High,High,Low,High,Low,Medium,High,High,Low,Low,Medium,Medium,29
K_035,2020-05-25,30013872,Arm500,open,180x180,18,6,Critical,Low,High,High,Low,High,Low,Medium,High,High,Low,Low,High,High,29
K_035,2020-05-25,30013875,Arm500,open,180x180,15,1,Medium,Low,High,High,Low,High,Low,Medium,High,High,Low,Low,Medium,Low,29
K_035,2020-05-25,30014134,Arm500,open,180x180,7,2,Critical,Low,High,High,Low,High,Low,Medium,High,High,Low,Low,Low,Low,29
K_035,2020-05-25,30014141,Arm500,open,180x180,12,5,Critical,Low,High,High,Low,High,Low,Medium,High,High,Low,Low,Medium,High,29
K_035,2020-05-25,30014144,Arm500,open,180x180,11,3,Low,Low,High,High,Low,High,Low,Medium,High,High,Low,Low,Medium,Medium,58
K_035,2020-05-25,30014187,Arm500,open,180x180,22,3,Low,Low,High,High,Low,High,Low,Medium,High,High,Low,Low,High,Medium,29
K_035,2020-05-25,30014188,Arm500,open,180x180,1,1,Low,Low,High,High,Low,High,Low,Medium,High,High,Low,Low,Low,Low,29
K_035,2020-05-25,30014190,Arm500,open,180x180,21,2,Low,Low,High,High,Low,High,Low,Medium,High,High,Low,Low,High,Low,29
K_035,2020-05-25,30014191,Arm500,open,180x180,4,5,Low,Low,High,High,Low,High,Low,Medium,High,High,Low,Low,Low,High,29
K_035,2020-05-25,30014192,Arm500,open,180x180,23,4,Low,Low,High,High,Low,High,Low,Medium,High,High,Low,Low,High,Medium,29
K_035,2020-05-25,30014193,Arm500,open,180x180,6,6,Low,Low,High,High,Low,High,Low,Medium,High,High,Low,Low,Low,High,29
K_036,2020-05-26,30014144,St4sp,open,150x150,11,3,Low,Medium,High,High,Low,Low,High,High,High,High,Low,Low,Medium,Medium,33
K_036,2020-05-26,30014187,St4sp,open,150x150,22,3,Critical,Medium,High,High,Low,Low,High,High,High,High,Low,Low,High,Medium,33
K_036,2020-05-26,30014188,St4sp,open,150x150,1,1,Critical,Medium,High,High,Low,Low,High,High,High,High,Low,Low,Low,Low,33
K_036,2020-05-26,30014190,St4sp,open,150x150,21,2,Low,Medium,High,High,Low,Low,High,High,High,High,Low,Low,High,Low,33
K_036,2020-05-26,30014191,St4sp,open,150x150,4,5,Low,Medium,High,High,Low,Low,High,High,High,High,Low,Low,Low,High,33
K_036,2020-05-26,30014192,St4sp,open,150x150,23,4,Low,Medium,High,High,Low,Low,High,High,High,High,Low,Low,High,Medium,33
K_036,2020-05-26,30014193,St4sp,open,150x150,6,6,Low,Medium,High,High,Low,Low,High,High,High,High,Low,Low,Low,High,33
K_037,2020-05-27,30013359,Arm500,open,150x150,10,2,Medium,High,High,High,Low,Low,Low,High,High,High,Low,Low,Medium,Low,18
K_037,2020-05-27,30013871,Arm500,open,150x150,16,3,Medium,High,High,High,Low,Low,Low,High,High,High,Low,Low,Medium,Medium,18
K_037,2020-05-27,30013873,Arm500,open,150x150,12,5,Healthy,High,High,High,Low,Low,Low,High,High,High,Low,Low,Medium,High,18
K_037,2020-05-27,30013875,Arm500,open,150x150,15,1,Medium,High,High,High,Low,Low,Low,High,High,High,Low,Low,Medium,Low,18
K_037,2020-05-27,30014136,Arm500,open,150x150,13,4,Low,High,High,High,Low,Low,Low,High,High,High,Low,Low,Medium,Medium,18
K_037,2020-05-27,30014144,Arm500,open,150x150,11,3,Low,High,High,High,Low,Low,Low,High,High,High,Low,Low,Medium,Medium,18
K_037,2020-05-27,30014187,Arm500,open,150x150,22,3,Critical,High,High,High,Low,Low,Low,High,High,High,Low,Low,High,Medium,18
K_037,2020-05-27,30014188,Arm500,open,150x150,1,1,Critical,High,High,High,Low,Low,Low,High,High,High,Low,Low,Low,Low,18
K_037,2020-05-27,30014190,Arm500,open,150x150,21,2,Critical,High,High,High,Low,Low,Low,High,High,High,Low,Low,High,Low,18
K_037,2020-05-27,30014191,Arm500,open,150x150,4,5,Critical,High,High,High,Low,Low,Low,High,High,High,Low,Low,Low,High,18
K_037,2020-05-27,30014192,Arm500,open,150x150,23,4,Critical,High,High,High,Low,Low,Low,High,High,High,Low,Low,High,Medium,18
K_037,2020-05-27,30014193,Arm500,open,150x150,6,6,Critical,High,High,High,Low,Low,Low,High,High,High,Low,Low,Low,High,18
K_038,2020-05-28,30013359,Arm500,open,180x180,10,2,Low,Medium,High,High,Low,Medium,Low,Medium,High,High,Low,Low,Medium,Low,33
K_038,2020-05-28,30013871,Arm500,open,180x180,16,3,Low,Medium,High,High,Low,Medium,Low,Medium,High,High,Low,Low,Medium,Medium,33
K_038,2020-05-28,30013873,Arm500,open,180x180,12,5,Healthy,Medium,High,High,Low,Medium,Low,Medium,High,High,Low,Low,Medium,High,33
K_038,2020-05-28,30013875,Arm500,open,180x180,15,1,Medium,Medium,High,High,Low,Medium,Low,Medium,High,High,Low,Low,Medium,Low,33
K_038,2020-05-28,30014136,Arm500,open,180x180,13,4,Low,Medium,High,High,Low,Medium,Low,Medium,High,High,Low,Low,Medium,Medium,33
K_038,2020-05-28,30014144,Arm500,open,180x180,11,3,Low,Medium,High,High,Low,Medium,Low,Medium,High,High,Low,Low,Medium,Medium,33
K_039,2020-05-29,30013359,Arm500,open,180x180,10,2,Low,Low,High,High,Low,High,Low,Medium,High,High,Low,Low,Medium,Low,32
K_039,2020-05-29,30013871,Arm500,open,180x180,16,3,Low,Low,High,High,Low,High,Low,Medium,High,High,Low,Low,Medium,Medium,32
K_039,2020-05-29,30013873,Arm500,open,180x180,12,5,Medium,Low,High,High,Low,High,Low,Medium,High,High,Low,Low,Medium,High,32
K_039,2020-05-29,30013875,Arm500,open,180x180,15,1,Low,Low,High,High,Low,High,Low,Medium,High,High,Low,Low,Medium,Low,32
K_039,2020-05-29,30014136,Arm500,open,180x180,13,4,Critical,Low,High,High,Low,High,Low,Medium,High,High,Low,Low,Medium,Medium,32
K_039,2020-05-29,30014144,Arm500,open,180x180,11,3,Critical,Low,High,High,Low,High,Low,Medium,High,High,Low,Low,Medium,Medium,32
K_040,2020-05-30,30013359,1015,open,180x180,10,2,Critical,Low,Medium,High,Low,Medium,High,Medium,High,High,Low,Low,Medium,Low,28
K_040,2020-05-30,30013871,1015,open,180x180,16,3,Critical,Low,Medium,High,Low,Medium,High,Medium,High,High,Low,Low,Medium,Medium,28
K_040,2020-05-30,30013873,1015,open,180x180,12,5,Medium,Low,Medium,High,Low,Medium,High,Medium,High,High,Low,Low,Medium,High,28
K_040,2020-05-30,30013875,1015,open,180x180,15,1,Low,Low,Medium,High,Low,Medium,High,Medium,High,High,Low,Low,Medium,Low,28
K_040,2020-05-30,30013876,1015,open,180x180,18,6,Critical,Low,Medium,High,High,Medium,High,Medium,High,High,Low,Low,High,High,1
K_040,2020-05-30,30014136,1015,open,180x180,13,4,Critical,Low,Medium,High,Low,Medium,High,Medium,High,High,Low,Low,Medium,Medium,28
K_040,2020-05-30,30014143,1015,open,180x180,11,6,Critical,Low,Medium,High,High,Medium,High,Medium,High,High,Low,Low,Medium,High,1
K_040,2020-05-30,30014144,1015,open,180x180,11,3,Critical,Low,Medium,High,Low,Medium,High,Medium,High,High,Low,Low,Medium,Medium,28
K_041,2020-05-31,30013359,Arm500,open,180x180,10,2,Critical,Medium,High,High,Low,Medium,Low,Medium,High,High,Low,Low,Medium,Low,29
K_041,2020-05-31,30013871,Arm500,open,180x180,16,3,Critical,Medium,High,High,Low,Medium,Low,Medium,High,High,Low,Low,Medium,Medium,29
K_041,2020-05-31,30013873,Arm500,open,180x180,12,5,Medium,Medium,High,High,Low,Medium,Low,Medium,High,High,Low,Low,Medium,High,29
K_041,2020-05-31,30013874,Arm500,open,180x180,7,2,Healthy,Medium,High,High,Low,Medium,Low,Medium,High,High,Low,Low,Low,Low,29
K_041,2020-05-31,30013875,Arm500,open,180x180,15,1,Critical,Medium,High,High,Low,Medium,Low,Medium,High,High,Low,Low,Medium,Low,29
K_041,2020-05-31,30014136,Arm500,open,180x180,13,4,Critical,Medium,High,High,Low,Medium,Low,Medium,High,High,Low,Low,Medium,Medium,29
K_041,2020-05-31,30014140,Arm500,open,180x180,14,4,Healthy,Medium,High,High,Low,Medium,Low,Medium,High,High,Low,Low,Medium,Medium,29
K_041,2020-05-31,30014144,Arm500,open,180x180,11,3,Critical,Medium,High,High,Low,Medium,Low,Medium,High,High,Low,Low,Medium,Medium,29
K_042,2020-06-05,30013873,St3sp,open,150x150,12,5,Low,Low,High,High,Low,Low,High,High,High,High,Low,Low,Medium,High,28
K_042,2020-06-05,30013874,St3sp,open,150x150,7,2,Medium,Low,High,High,Low,Low,High,High,High,High,Low,Low,Low,Low,28
K_042,2020-06-05,30014138,St3sp,open,150x150,17,3,Critical,Low,High,High,Low,Low,High,High,High,High,Low,Low,High,Medium,24
K_042,2020-06-05,30014140,St3sp,open,150x150,14,4,Medium,Low,High,High,Low,Low,High,High,High,High,Low,Low,Medium,Medium,28
K_042,2020-06-05,30014144,St3sp,open,150x150,11,3,Critical,Low,High,High,Low,Low,High,High,High,High,Low,Low,Medium,Medium,24
K_042,2020-06-05,30014187,St3sp,open,150x150,22,3,Critical,Low,High,High,Low,Low,High,High,High,High,Low,Low,High,Medium,24
K_042,2020-06-05,30014190,St3sp,open,150x150,21,2,Critical,Low,High,High,Low,Low,High,High,High,High,Low,Low,High,Low,28
K_042,2020-06-05,30014191,St3sp,open,150x150,4,5,Critical,Low,High,High,Low,Low,High,High,High,High,Low,Low,Low,High,28
K_042,2020-06-05,30014192,St3sp,open,150x150,23,4,Critical,Low,High,High,Low,Low,High,High,High,High,Low,Low,High,Medium,28
K_042,2020-06-05,30014193,St3sp,open,150x150,6,6,Critical,Low,High,High,Low,Low,High,High,High,High,Low,Low,Low,High,28
K_043,2020-06-07,30013873,Arm500,open,180x180,12,5,Low,Low,High,High,Low,High,Low,Medium,High,High,Low,Low,Medium,High,32
K_043,2020-06-07,30013874,Arm500,open,180x180,7,2,Medium,Low,High,High,Low,High,Low,Medium,High,High,Low,Low,Low,Low,30
K_043,2020-06-07,30014138,Arm500,open,180x180,17,3,Critical,Low,High,High,Low,High,Low,Medium,High,High,Low,Low,High,Medium,32
K_043,2020-06-07,30014140,Arm500,open,180x180,14,4,Medium,Low,High,High,Low,High,Low,Medium,High,High,Low,Low,Medium,Medium,32
K_043,2020-06-07,30014144,Arm500,open,180x180,11,3,Critical,Low,High,High,Low,High,Low,Medium,High,High,Low,Low,Medium,Medium,32
K_044,2020-06-08,30013873,Arm500,open,180x180,12,5,Critical,Low,High,High,Low,High,High,Medium,High,High,Low,Low,Medium,High,33
K_044,2020-06-08,30013874,Arm500,open,180x180,7,2,Low,Low,High,High,Low,High,High,Medium,High,High,Low,Low,Low,Low,33
K_044,2020-06-08,30013875,Arm500,open,180x180,15,3,Critical,Low,High,High,Low,High,High,Medium,High,High,Low,Low,Medium,Medium,33
K_044,2020-06-08,30014138,Arm500,open,180x180,17,3,Critical,Low,High,High,Low,High,High,Medium,High,High,Low,Low,High,Medium,33
K_044,2020-06-08,30014140,Arm500,open,180x180,14,4,Low,Low,High,High,Low,High,High,Medium,High,High,Low,Low,Medium,Medium,33
K_044,2020-06-08,30014144,Arm500,open,180x180,11,3,Critical,Low,High,High,Low,High,High,Medium,High,High,Low,Low,Medium,Medium,33
K_045,2020-06-09,30013873,Arm500,open,180x180,12,5,Critical,High,High,High,Low,High,Low,Medium,High,High,Low,Low,Medium,High,32
K_045,2020-06-09,30013874,Arm500,open,180x180,7,2,Critical,High,High,High,Low,High,Low,Medium,High,High,Low,Low,Low,Low,32
K_045,2020-06-09,30013875,Arm500,open,180x180,15,3,Critical,High,High,High,Low,High,Low,Medium,High,High,Low,Low,Medium,Medium,32
K_045,2020-06-09,30014140,Arm500,open,180x180,14,4,Critical,High,High,High,Low,High,Low,Medium,High,High,Low,Low,Medium,Medium,32
K_045,2020-06-09,30014144,Arm500,open,180x180,11,3,Critical,High,High,High,Low,High,Low,Medium,High,High,Low,Low,Medium,Medium,32
K_046,2020-07-05,30014804,1010,close,150x150,11,5,Healthy,Low,High,High,Low,Medium,Low,High,High,Low,Low,Low,Medium,High,21
K_046,2020-07-05,30014807,1010,close,150x150,14,2,Healthy,Low,High,High,Low,Medium,Low,High,High,High,Low,Low,Medium,Low,19
K_046,2020-07-05,30014808,1010,close,150x150,10,4,Healthy,Low,High,High,Low,Medium,Low,High,High,High,Low,Low,Medium,Medium,19
K_046,2020-07-05,30014809,1010,close,150x150,18,6,Healthy,Low,High,High,Low,Medium,Low,High,High,Low,Low,Low,High,High,21
K_046,2020-07-05,30014810,1010,close,150x150,9,3,Healthy,Low,High,High,Low,Medium,Low,High,High,High,Low,Low,Medium,Medium,19
K_046,2020-07-05,30014811,1010,close,150x150,8,5,Healthy,Low,High,High,Low,Medium,Low,High,High,Low,Low,Low,Low,High,21
K_046,2020-07-05,30014815,1010,close,150x150,13,4,Healthy,Low,High,High,Low,Medium,Low,High,High,High,Low,Low,Medium,Medium,19
K_046,2020-07-05,30014817,1010,close,150x150,7,1,Healthy,Low,High,High,Low,Medium,Low,High,High,Low,Low,Low,Low,Low,21
K_046,2020-07-05,30014821,1010,close,150x150,12,6,Healthy,Low,High,High,Low,Medium,Low,High,High,Low,Low,Low,Medium,High,21
K_047,2020-07-07,30014803,Arm500,open,180x180,15,1,Healthy,Medium,High,High,Low,High,High,Medium,High,High,Low,Low,Medium,Low,32
K_047,2020-07-07,30014811,Arm500,open,180x180,8,5,Healthy,Medium,High,High,Low,High,High,Medium,High,High,Low,Low,Low,High,32
K_047,2020-07-07,30014815,Arm500,open,180x180,13,4,Healthy,Medium,High,High,Low,High,High,Medium,High,High,Low,Low,Medium,Medium,32
K_047,2020-07-07,30014820,Arm500,open,180x180,16,2,Healthy,Medium,High,High,Low,High,High,Medium,High,High,Low,Low,Medium,Low,32
K_047,2020-07-07,30014821,Arm500,open,180x180,12,6,Healthy,Medium,High,High,Low,High,High,Medium,High,High,Low,Low,Medium,High,32
K_048,2020-07-08,30014803,Arm500,open,180x180,15,1,Healthy,Low,High,High,Low,High,Low,Medium,High,High,Low,Low,Medium,Low,34
K_048,2020-07-08,30014804,Arm500,open,180x180,11,5,Healthy,Low,High,High,Low,High,Low,Medium,High,High,Low,Low,Medium,High,34
K_048,2020-07-08,30014809,Arm500,open,180x180,18,6,Healthy,Low,High,High,Low,High,Low,Medium,High,High,Low,Low,High,High,34
K_048,2020-07-08,30014811,Arm500,open,180x180,8,5,Healthy,Low,High,High,Low,High,Low,Medium,High,High,Low,Low,Low,High,34
K_048,2020-07-08,30014815,Arm500,open,180x180,13,4,Healthy,Low,High,High,Low,High,Low,Medium,High,High,Low,Low,Medium,Medium,34
K_048,2020-07-08,30014820,Arm500,open,180x180,16,2,Healthy,Low,High,High,Low,High,Low,Medium,High,High,Low,Low,Medium,Low,34
K_048,2020-07-08,30014821,Arm500,open,180x180,12,6,Healthy,Low,High,High,Low,High,Low,Medium,High,High,Low,Low,Medium,High,34
K_049,2020-07-09,30014803,Arm500,open,180x180,15,1,Healthy,Low,Medium,High,Low,High,Low,Medium,High,High,Low,Low,Medium,Low,22
K_049,2020-07-09,30014804,Arm500,open,180x180,11,5,Healthy,Low,Medium,High,Low,High,Low,Medium,High,High,Low,Low,Medium,High,22
K_049,2020-07-09,30014807,Arm500,open,180x180,14,2,Healthy,Low,Medium,High,Low,High,Low,Medium,High,High,Low,Low,Medium,Low,22
K_049,2020-07-09,30014808,Arm500,open,180x180,10,4,Healthy,Low,Medium,High,Low,High,Low,Medium,High,High,Low,Low,Medium,Medium,22
K_049,2020-07-09,30014809,Arm500,open,180x180,18,6,Healthy,Low,Medium,High,Low,High,Low,Medium,High,High,Low,Low,High,High,19
K_049,2020-07-09,30014810,Arm500,open,180x180,9,3,Healthy,Low,Medium,High,Low,High,Low,Medium,High,High,Low,Low,Medium,Medium,22
K_049,2020-07-09,30014815,Arm500,open,180x180,13,4,Healthy,Low,Medium,High,Low,High,Low,Medium,High,High,Low,Low,Medium,Medium,22
K_049,2020-07-09,30014817,Arm500,open,180x180,7,1,Healthy,Low,Medium,High,Low,High,Low,Medium,High,High,Low,Low,Low,Low,22
K_049,2020-07-09,30014820,Arm500,open,180x180,16,2,Healthy,Low,Medium,High,Low,High,Low,Medium,High,High,Low,Low,Medium,Low,22
K_050,2020-07-13,30014807,Arm500,open,180x180,14,2,Healthy,Medium,High,High,Low,High,High,Medium,High,High,Low,Low,Medium,Low,35
K_050,2020-07-13,30014810,Arm500,open,180x180,9,3,Healthy,Medium,High,High,Low,High,High,Medium,High,High,Low,Low,Medium,Medium,35
K_050,2020-07-13,30014811,Arm500,open,180x180,8,5,Healthy,Medium,High,High,Low,High,High,Medium,High,High,Low,Low,Low,High,35
K_050,2020-07-13,30014815,Arm500,open,180x180,13,4,Medium,Medium,High,High,Low,High,High,Medium,High,High,Low,Low,Medium,Medium,35
K_050,2020-07-13,30014817,Arm500,open,180x180,7,1,Healthy,Medium,High,High,Low,High,High,Medium,High,High,Low,Low,Low,Low,35
K_050,2020-07-13,30014821,Arm500,open,180x180,12,6,Healthy,Medium,High,High,Low,High,High,Medium,High,High,Low,Low,Medium,High,70
K_051,2020-07-14,30014803,Arm500,open,180x180,15,1,Medium,High,High,High,Low,High,Low,Medium,High,High,Low,Low,Medium,Low,31
K_051,2020-07-14,30014807,Arm500,open,180x180,14,2,Medium,High,High,High,Low,High,Low,Medium,High,High,Low,Low,Medium,Low,31
K_051,2020-07-14,30014810,Arm500,open,180x180,9,3,Healthy,High,High,High,Low,High,Low,Medium,High,High,Low,Low,Medium,Medium,31
K_051,2020-07-14,30014811,Arm500,open,180x180,8,5,Medium,High,High,High,Low,High,Low,Medium,High,High,Low,Low,Low,High,31
K_051,2020-07-14,30014815,Arm500,open,180x180,13,4,Medium,High,High,High,Low,High,Low,Medium,High,High,Low,Low,Medium,Medium,31
K_051,2020-07-14,30014816,Arm500,open,180x180,17,3,Healthy,High,High,High,Low,High,Low,Medium,High,High,Low,Low,High,Medium,31
K_051,2020-07-14,30014817,Arm500,open,180x180,7,1,Healthy,High,High,High,Low,High,Low,Medium,High,High,Low,Low,Low,Low,31
K_051,2020-07-14,30014820,Arm500,open,180x180,16,2,Healthy,High,High,High,Low,High,Low,Medium,High,High,Low,Low,Medium,Low,31
K_051,2020-07-14,30014821,Arm500,open,180x180,12,6,Medium,High,High,High,Low,High,Low,Medium,High,High,Low,Low,Medium,High,62
K_052,2020-07-15,30014803,Arm500,open,180x180,15,1,Medium,Medium,High,High,Low,High,High,Medium,High,High,Low,Low,Medium,Low,31
K_052,2020-07-15,30014804,Arm500,open,180x180,11,5,Healthy,Medium,High,High,Low,High,High,Medium,High,High,Low,Low,Medium,High,31
K_052,2020-07-15,30014808,Arm500,open,180x180,10,4,Healthy,Medium,High,High,Low,High,High,Medium,High,High,Low,Low,Medium,Medium,31
K_052,2020-07-15,30014809,Arm500,open,180x180,18,6,Medium,Medium,High,High,Low,High,High,Medium,High,High,Low,Low,High,High,31
K_052,2020-07-15,30014811,Arm500,open,180x180,8,5,Medium,Medium,High,High,Low,High,High,Medium,High,High,Low,Low,Low,High,31
K_052,2020-07-15,30014815,Arm500,open,180x180,13,4,Medium,Medium,High,High,Low,High,High,Medium,High,High,Low,Low,Medium,Medium,31
K_052,2020-07-15,30014816,Arm500,open,180x180,17,3,Healthy,Medium,High,High,Low,High,High,Medium,High,High,Low,Low,High,Medium,31
K_052,2020-07-15,30014820,Arm500,open,180x180,16,2,Medium,Medium,High,High,Low,High,High,Medium,High,High,Low,Low,Medium,Low,31
K_052,2020-07-15,30014821,Arm500,open,180x180,12,6,Medium,Medium,High,High,Low,High,High,Medium,High,High,Low,Low,Medium,High,62
K_053,2020-07-16,30014803,Arm500,open,180x180,15,1,Medium,Low,High,High,Low,High,Low,Medium,High,High,Low,Low,Medium,Low,33
K_053,2020-07-16,30014804,Arm500,open,180x180,11,5,Medium,Low,High,High,Low,High,Low,Medium,High,High,Low,Low,Medium,High,33
K_053,2020-07-16,30014808,Arm500,open,180x180,10,4,Healthy,Low,High,High,Low,High,Low,Medium,High,High,Low,Low,Medium,Medium,33
K_053,2020-07-16,30014809,Arm500,open,180x180,18,6,Medium,Low,High,High,Low,High,Low,Medium,High,High,Low,Low,High,High,33
K_053,2020-07-16,30014816,Arm500,open,180x180,17,3,Healthy,Low,High,High,Low,High,Low,Medium,High,High,Low,Low,High,Medium,33
K_053,2020-07-16,30014820,Arm500,open,180x180,16,2,Medium,Low,High,High,Low,High,Low,Medium,High,High,Low,Low,Medium,Low,33
K_054,2020-07-17,30014803,Arm500,open,180x180,15,1,Medium,High,High,High,Low,High,High,Medium,High,High,Low,Low,Medium,Low,32
K_054,2020-07-17,30014804,Arm500,open,180x180,11,5,Medium,High,High,High,Low,High,High,Medium,High,High,Low,Low,Medium,High,32
K_054,2020-07-17,30014807,Arm500,open,180x180,14,2,Medium,High,High,High,Low,High,High,Medium,High,High,Low,Low,Medium,Low,32
K_054,2020-07-17,30014808,Arm500,open,180x180,10,4,Healthy,High,High,High,Low,High,High,Medium,High,High,Low,Low,Medium,Medium,32
K_054,2020-07-17,30014809,Arm500,open,180x180,18,6,Low,High,High,High,Low,High,High,Medium,High,High,Low,Low,High,High,32
K_054,2020-07-17,30014810,Arm500,open,180x180,9,3,Medium,High,High,High,Low,High,High,Medium,High,High,Low,Low,Medium,Medium,32
K_054,2020-07-17,30014816,Arm500,open,180x180,17,3,Medium,High,High,High,Low,High,High,Medium,High,High,Low,Low,High,Medium,32
K_054,2020-07-17,30014817,Arm500,open,180x180,7,1,Medium,High,High,High,Low,High,High,Medium,High,High,Low,Low,Low,Low,32
K_054,2020-07-17,30014820,Arm500,open,180x180,16,2,Medium,High,High,High,Low,High,High,Medium,High,High,Low,Low,Medium,Low,32
K_055,2020-07-18,30014804,Arm500,open,180x180,11,5,Low,Low,High,High,Low,High,Low,Medium,High,High,Low,Low,Medium,High,34
K_055,2020-07-18,30014807,Arm500,open,180x180,14,2,Medium,Low,High,High,Low,High,Low,Medium,High,High,Low,Low,Medium,Low,34
K_055,2020-07-18,30014808,Arm500,open,180x180,10,4,Medium,Low,High,High,Low,High,Low,Medium,High,High,Low,Low,Medium,Medium,34
K_055,2020-07-18,30014809,Arm500,open,180x180,18,6,Low,Low,High,High,Low,High,Low,Medium,High,High,Low,Low,High,High,34
K_055,2020-07-18,30014810,Arm500,open,180x180,9,3,Medium,Low,High,High,Low,High,Low,Medium,High,High,Low,Low,Medium,Medium,34
K_055,2020-07-18,30014817,Arm500,open,180x180,7,1,Medium,Low,High,High,Low,High,Low,Medium,High,High,Low,Low,Low,Low,34
K_056,2020-07-19,30014804,Arm500,open,180x180,11,5,Low,Medium,High,High,Low,High,High,Medium,High,High,Low,Low,Medium,High,32
K_056,2020-07-19,30014807,Arm500,open,180x180,14,2,Low,Medium,High,High,Low,High,High,Medium,High,High,Low,Low,Medium,Low,32
K_056,2020-07-19,30014808,Arm500,open,180x180,10,4,Medium,Medium,High,High,Low,High,High,Medium,High,High,Low,Low,Medium,Medium,32
K_056,2020-07-19,30014809,Arm500,open,180x180,18,6,Low,Medium,High,High,Low,High,High,Medium,High,High,Low,Low,High,High,32
K_056,2020-07-19,30014810,Arm500,open,180x180,9,3,Medium,Medium,High,High,Low,High,High,Medium,High,High,Low,Low,Medium,Medium,32
K_056,2020-07-19,30014811,Arm500,open,180x180,8,5,Medium,Medium,High,High,Low,High,High,Medium,High,High,Low,Low,Low,High,32
K_056,2020-07-19,30014815,Arm500,open,180x180,13,4,Low,Medium,High,High,Low,High,High,Medium,High,High,Low,Low,Medium,Medium,32
K_056,2020-07-19,30014817,Arm500,open,180x180,7,1,Medium,Medium,High,High,Low,High,High,Medium,High,High,Low,Low,Low,Low,32
K_056,2020-07-19,30014821,Arm500,open,180x180,12,6,Low,Medium,High,High,Low,High,High,Medium,High,High,Low,Low,Medium,High,32
K_057,2020-07-20,30014803,Arm500,open,180x180,15,1,Low,Low,High,High,Low,High,Low,Medium,High,High,Low,Low,Medium,Low,14
K_057,2020-07-20,30014807,Arm500,open,180x180,14,2,Low,Low,High,High,Low,High,Low,Medium,High,High,Low,Low,Medium,Low,14
K_057,2020-07-20,30014810,Arm500,open,180x180,9,3,Medium,Low,High,High,Low,High,Low,Medium,High,High,Low,Low,Medium,Medium,14
K_057,2020-07-20,30014811,Arm500,open,180x180,8,5,Medium,Low,High,High,Low,High,Low,Medium,High,High,Low,Low,Low,High,14
K_057,2020-07-20,30014815,Arm500,open,180x180,13,4,Low,Low,High,High,Low,High,Low,Medium,High,High,Low,Low,Medium,Medium,14
K_057,2020-07-20,30014816,Arm500,open,180x180,17,3,Medium,Low,High,High,Low,High,Low,Medium,High,High,Low,Low,High,Medium,14
K_057,2020-07-20,30014817,Arm500,open,180x180,7,1,Medium,Low,High,High,Low,High,Low,Medium,High,High,Low,Low,Low,Low,14
K_057,2020-07-20,30014820,Arm500,open,180x180,16,2,Low,Low,High,High,Low,High,Low,Medium,High,High,Low,Low,Medium,Low,14
K_057,2020-07-20,30014821,Arm500,open,180x180,12,6,Low,Low,High,High,Low,High,Low,Medium,High,High,Low,Low,Medium,High,14
K_058,2020-07-21,30014803,Arm500,open,180x180,15,1,Low,Low,High,High,Low,High,Low,Medium,High,High,Low,Low,Medium,Low,13
K_058,2020-07-21,30014811,Arm500,open,180x180,8,5,Low,Low,High,High,Low,High,Low,Medium,High,High,Low,Low,Low,High,13
K_058,2020-07-21,30014815,Arm500,open,180x180,13,4,Low,Low,High,High,Low,High,Low,Medium,High,High,Low,Low,Medium,Medium,13
K_058,2020-07-21,30014816,Arm500,open,180x180,17,3,Medium,Low,High,High,Low,High,Low,Medium,High,High,Low,Low,High,Medium,13
K_058,2020-07-21,30014820,Arm500,open,180x180,16,2,Low,Low,High,High,Low,High,Low,Medium,High,High,Low,Low,Medium,Low,13
K_058,2020-07-21,30014821,Arm500,open,180x180,12,6,Low,Low,High,High,Low,High,Low,Medium,High,High,Low,Low,Medium,High,13
K_059,2020-07-22,30014803,Arm500,open,180x180,15,1,Low,Medium,High,High,Low,High,Low,Medium,High,High,Low,Low,Medium,Low,33
K_059,2020-07-22,30014811,Arm500,open,180x180,8,5,Low,Medium,High,High,Low,High,Low,Medium,High,High,Low,Low,Low,High,32
K_059,2020-07-22,30014815,Arm500,open,180x180,13,4,Low,Medium,High,High,Low,High,Low,Medium,High,High,Low,Low,Medium,Medium,33
K_059,2020-07-22,30014816,Arm500,open,180x180,17,3,Medium,Medium,High,High,Low,High,Low,Medium,High,High,Low,Low,High,Medium,33
K_059,2020-07-22,30014820,Arm500,open,180x180,16,2,Low,Medium,High,High,Low,High,Low,Medium,High,High,Low,Low,Medium,Low,33
K_059,2020-07-22,30014821,Arm500,open,180x180,12,6,Low,Medium,High,High,Low,High,Low,Medium,High,High,Low,Low,Medium,High,33
K_060,2020-07-23,30014803,Arm500,open,180x180,15,1,Low,Medium,Medium,High,Low,High,High,Medium,High,High,Low,Low,Medium,Low,31
K_060,2020-07-23,30014804,Arm500,open,180x180,11,5,Low,Medium,Medium,High,Low,High,High,Medium,High,High,Low,Low,Medium,High,29
K_060,2020-07-23,30014808,Arm500,open,180x180,10,4,Medium,Medium,Medium,High,Low,High,High,Medium,High,High,Low,Low,Medium,Medium,31
K_060,2020-07-23,30014809,Arm500,open,180x180,18,6,Critical,Medium,Medium,High,Low,High,High,Medium,High,High,Low,Low,High,High,31
K_060,2020-07-23,30014811,Arm500,open,180x180,8,5,Low,Medium,Medium,High,Low,High,High,Medium,High,High,Low,Low,Low,High,29
K_060,2020-07-23,30014815,Arm500,open,180x180,13,4,Low,Medium,Medium,High,Low,High,High,Medium,High,High,Low,Low,Medium,Medium,31
K_060,2020-07-23,30014816,Arm500,open,180x180,17,3,Low,Medium,Medium,High,Low,High,High,Medium,High,High,Low,Low,High,Medium,31
K_060,2020-07-23,30014820,Arm500,open,180x180,16,2,Low,Medium,Medium,High,Low,High,High,Medium,High,High,Low,Low,Medium,Low,29
K_060,2020-07-23,30014821,Arm500,open,180x180,12,6,Low,Medium,Medium,High,Low,High,High,Medium,High,High,Low,Low,Medium,High,31
K_061,2020-07-24,30014803,Arm500,open,180x180,15,1,Critical,Low,High,High,Low,High,Low,Medium,High,High,Low,Low,Medium,Low,34
K_061,2020-07-24,30014804,Arm500,open,180x180,11,5,Critical,Low,High,High,Low,High,Low,Medium,High,High,Low,Low,Medium,High,34
K_061,2020-07-24,30014807,Arm500,open,180x180,14,2,Low,Low,High,High,Low,High,Low,Medium,High,High,Low,Low,Medium,Low,34
K_061,2020-07-24,30014808,Arm500,open,180x180,10,4,Low,Low,High,High,Low,High,Low,Medium,High,High,Low,Low,Medium,Medium,34
K_061,2020-07-24,30014809,Arm500,open,180x180,18,6,Critical,Low,High,High,Low,High,Low,Medium,High,High,Low,Low,High,High,34
K_061,2020-07-24,30014810,Arm500,open,180x180,9,3,Low,Low,High,High,Low,High,Low,Medium,High,High,Low,Low,Medium,Medium,34
K_061,2020-07-24,30014811,Arm500,open,180x180,8,6,Low,Low,High,High,Low,High,Low,Medium,High,High,Low,Low,Low,High,34
K_061,2020-07-24,30014816,Arm500,open,180x180,17,3,Low,Low,High,High,Low,High,Low,Medium,High,High,Low,Low,High,Medium,34
K_061,2020-07-24,30014817,Arm500,open,180x180,7,1,Low,Low,High,High,Low,High,Low,Medium,High,High,Low,Low,Low,Low,34
K_061,2020-07-24,30014820,Arm500,open,180x180,16,2,Low,Low,High,High,Low,High,Low,Medium,High,High,Low,Low,Medium,Low,34
K_062,2020-07-25,30014804,Arm500,open,180x180,11,5,Critical,Medium,Medium,High,Low,High,High,Medium,High,High,Low,Low,Medium,High,36
K_062,2020-07-25,30014807,Arm500,open,180x180,14,2,Critical,Medium,Medium,High,Low,High,High,Medium,High,High,Low,Low,Medium,Low,36
K_062,2020-07-25,30014808,Arm500,open,180x180,10,4,Low,Medium,Medium,High,Low,High,High,Medium,High,High,Low,Low,Medium,Medium,36
K_062,2020-07-25,30014810,Arm500,open,180x180,9,3,Low,Medium,Medium,High,Low,High,High,Medium,High,High,Low,Low,Medium,Medium,36
K_062,2020-07-25,30014811,Arm500,open,180x180,8,6,Critical,Medium,Medium,High,Low,High,High,Medium,High,High,Low,Low,Low,High,36
K_062,2020-07-25,30014817,Arm500,open,180x180,7,1,Low,Medium,Medium,High,Low,High,High,Medium,High,High,Low,Low,Low,Low,36
K_063,2020-07-26,30014804,Arm500,open,180x180,11,5,Critical,Low,High,High,Low,High,Low,Medium,High,High,Low,Low,Medium,High,34
K_063,2020-07-26,30014807,Arm500,open,180x180,14,2,Critical,Low,High,High,Low,High,Low,Medium,High,High,Low,Low,Medium,Low,34
K_063,2020-07-26,30014808,Arm500,open,180x180,10,4,Low,Low,High,High,Low,High,Low,Medium,High,High,Low,Low,Medium,Medium,34
K_063,2020-07-26,30014810,Arm500,open,180x180,9,3,Low,Low,High,High,Low,High,Low,Medium,High,High,Low,Low,Medium,Medium,34
K_063,2020-07-26,30014811,Arm500,open,180x180,8,6,Critical,Low,High,High,Low,High,Low,Medium,High,High,Low,Low,Low,High,34
K_063,2020-07-26,30014817,Arm500,open,180x180,7,1,Low,Low,High,High,Low,High,Low,Medium,High,High,Low,Low,Low,Low,34
K_063,2020-07-26,30014821,Arm500,open,180x180,12,2,Critical,Low,High,High,Low,High,Low,Medium,High,High,Low,Low,Medium,Low,34
K_063,2020-07-26,30014825,Arm500,open,180x180,18,5,Healthy,Low,High,High,Low,High,Low,Medium,High,High,Low,Low,High,High,34
K_064,2020-07-27,30014808,Arm500,open,180x180,10,4,Low,Low,High,High,Low,High,High,Medium,High,High,Low,Low,Medium,Medium,33
K_064,2020-07-27,30014810,Arm500,open,180x180,9,3,Low,Low,High,High,Low,High,High,Medium,High,High,Low,Low,Medium,Medium,33
K_064,2020-07-27,30014811,Arm500,open,180x180,8,6,Critical,Low,High,High,Low,High,High,Medium,High,High,Low,Low,Low,High,33
K_064,2020-07-27,30014817,Arm500,open,180x180,7,1,Low,Low,High,High,Low,High,High,Medium,High,High,Low,Low,Low,Low,33
K_064,2020-07-27,30014821,Arm500,open,180x180,12,2,Critical,Low,High,High,Low,High,High,Medium,High,High,Low,Low,Medium,Low,33
K_064,2020-07-27,30014824,Arm500,open,180x180,14,6,Healthy,Low,High,High,Low,High,High,Medium,High,High,Low,Low,Medium,High,33
K_064,2020-07-27,30014825,Arm500,open,180x180,18,5,Healthy,Medium,High,High,Low,High,High,Medium,High,High,Low,Low,High,High,30
K_065,2020-07-28,30014808,Arm500,open,180x180,10,3,Critical,Low,High,High,Low,High,Low,Medium,High,High,Low,Low,Medium,Medium,20
K_065,2020-07-28,30014810,Arm500,open,180x180,9,3,Critical,Low,High,High,Low,High,Low,Medium,High,High,Low,Low,Medium,Medium,20
K_065,2020-07-28,30014817,Arm500,open,180x180,7,1,Critical,Low,High,High,Low,High,Low,Medium,High,High,Low,Low,Low,Low,20
K_065,2020-07-28,30014821,Arm500,open,180x180,12,2,Critical,Low,High,High,Low,High,Low,Medium,High,High,Low,Low,Medium,Low,20
K_065,2020-07-28,30014824,Arm500,open,180x180,14,6,Healthy,Low,High,High,Low,High,Low,Medium,High,High,Low,Low,Medium,High,20
K_065,2020-07-28,30014825,Arm500,open,180x180,18,5,Healthy,Low,High,High,Low,High,Low,Medium,High,High,Low,Low,High,High,20
K_065,2020-07-28,83898,Arm500,open,180x180,8,1,Healthy,Low,High,High,Low,High,Low,Medium,High,High,Low,Low,Low,Low,20
K_066,2020-07-29,30014808,Arm500,open,180x180,10,3,Critical,Medium,High,High,Low,High,High,Medium,High,High,Low,Low,Medium,Medium,33
K_066,2020-07-29,30014810,Arm500,open,180x180,9,5,Critical,Medium,High,High,Low,High,High,Medium,High,High,Low,Low,Medium,High,33
K_066,2020-07-29,30014817,Arm500,open,180x180,7,2,Critical,Medium,High,High,Low,High,High,Medium,High,High,Low,Low,Low,Low,33
K_066,2020-07-29,30014821,Arm500,open,180x180,12,2,Critical,Medium,High,High,Low,High,High,Medium,High,High,Low,Low,Medium,Low,33
K_066,2020-07-29,30014824,Arm500,open,180x180,14,6,Healthy,Medium,High,High,Low,High,High,Medium,High,High,Low,Low,Medium,High,33
K_066,2020-07-29,30014825,Arm500,open,180x180,18,5,Medium,Medium,High,High,Low,High,High,Medium,High,High,Low,Low,High,High,33
K_066,2020-07-29,83898,Arm500,open,180x180,8,1,Medium,Medium,High,High,Low,High,High,Medium,High,High,Low,Low,Low,Low,33
K_067,2020-07-30,30014803,Arm500,open,180x180,15,1,Critical,Low,High,High,Low,High,Low,Medium,High,High,Low,Low,Medium,Low,33
K_067,2020-07-30,30014808,Arm500,open,180x180,10,3,Critical,Low,High,High,Low,High,Low,Medium,High,High,Low,Low,Medium,Medium,34
K_067,2020-07-30,30014810,Arm500,open,180x180,9,5,Critical,Low,High,High,Low,High,Low,Medium,High,High,Low,Low,Medium,High,34
K_067,2020-07-30,30014817,Arm500,open,180x180,7,2,Critical,Low,High,High,Low,High,Low,Medium,High,High,Low,Low,Low,Low,34
K_067,2020-07-30,30014824,Arm500,open,180x180,14,6,Medium,Low,High,High,Low,High,Low,Medium,High,High,Low,Low,Medium,High,34
K_067,2020-07-30,83898,Arm500,open,180x180,8,1,Critical,Low,High,High,Low,High,Low,Medium,High,High,Low,Low,Low,Low,33
K_068,2020-07-31,30014803,Arm500,open,180x180,15,1,Critical,Low,Medium,High,Low,High,Low,Medium,High,High,Low,Low,Medium,Low,31
K_068,2020-07-31,30014808,Arm500,open,180x180,10,3,Critical,Low,Medium,High,Low,High,Low,Medium,High,High,Low,Low,Medium,Medium,31
K_068,2020-07-31,30014810,Arm500,open,180x180,9,5,Critical,Low,Medium,High,Low,High,Low,Medium,High,High,Low,Low,Medium,High,31
K_068,2020-07-31,30014815,Arm500,open,180x180,13,4,Critical,Medium,Medium,High,Low,High,High,Medium,High,High,Low,Low,Medium,Medium,20
K_068,2020-07-31,30014816,Arm500,open,180x180,17,1,Low,Low,Medium,High,Low,High,Low,Medium,High,High,Low,Low,High,Low,31
K_068,2020-07-31,30014817,Arm500,open,180x180,7,2,Critical,Low,Medium,High,Low,High,Low,Medium,High,High,Low,Low,Low,Low,31
K_068,2020-07-31,30014820,Arm500,open,180x180,16,2,Critical,Low,Medium,High,Low,High,Low,Medium,High,High,Low,Low,Medium,Low,31
K_068,2020-07-31,30014824,Arm500,open,180x180,14,6,Medium,Low,Medium,High,Low,High,Low,Medium,High,High,Low,Low,Medium,High,31
K_068,2020-07-31,30014825,Arm500,open,180x180,18,6,Medium,Low,Medium,High,Low,High,Low,Medium,High,High,Low,Low,High,High,31
K_069,2020-08-05,30014811,St4sp,open,150x150,8,2,Critical,Low,High,High,Low,Low,Medium,High,High,High,Low,Low,Low,Low,32
K_069,2020-08-05,30014812,St4sp,open,150x150,7,1,Healthy,Low,High,High,Low,Low,Medium,High,High,High,Low,Low,Low,Low,32
K_069,2020-08-05,30014814,St4sp,open,150x150,12,3,Healthy,Low,High,High,Low,Low,Medium,High,High,High,Low,Low,Medium,Medium,32
K_069,2020-08-05,30014819,St4sp,open,150x150,10,5,Healthy,Low,High,High,Low,Low,Medium,High,High,High,Low,Low,Medium,High,32
K_069,2020-08-05,30014824,St4sp,open,150x150,14,5,Medium,Low,High,High,Low,Low,Medium,High,High,High,Low,Low,Medium,High,32
K_069,2020-08-05,30014825,St4sp,open,150x150,18,2,Medium,Low,High,High,Low,Low,Medium,High,High,High,Low,Low,High,Low,32
K_070,2020-08-07,30014806,25G2S,open,180x180,8,4,Healthy,Low,High,High,Low,High,Low,Medium,High,High,Low,Low,Low,Medium,31
K_070,2020-08-07,30014812,25G2S,open,180x180,7,1,Healthy,Low,High,High,Low,High,Low,Medium,High,High,Low,Low,Low,Low,31
K_070,2020-08-07,30014814,25G2S,open,180x180,12,3,Healthy,Low,High,High,Low,High,Low,Medium,High,High,Low,Low,Medium,Medium,31
K_070,2020-08-07,30014816,25G2S,open,180x180,17,6,Critical,Low,High,High,Low,High,Low,Medium,High,High,Low,Low,High,High,31
K_070,2020-08-07,30014820,25G2S,open,180x180,16,1,Critical,Low,High,High,Low,High,Low,Medium,High,High,Low,Low,Medium,Low,31
K_070,2020-08-07,30014824,25G2S,open,180x180,14,5,Low,Low,High,High,Low,High,Low,Medium,High,High,Low,Low,Medium,High,31
K_070,2020-08-07,30014825,25G2S,open,180x180,18,2,Low,Low,High,High,Low,High,Low,Medium,High,High,Low,Low,High,Low,31
K_071,2020-08-08,30014806,Arm500,open,180x180,8,4,Healthy,Low,High,High,Low,High,Low,Medium,High,High,Low,Low,Low,Medium,34
K_071,2020-08-08,30014814,Arm500,open,180x180,12,3,Medium,Low,High,High,Low,High,Low,Medium,High,High,Low,Low,Medium,Medium,34
K_071,2020-08-08,30014816,Arm500,open,180x180,17,6,Critical,Low,High,High,Low,High,Low,Medium,High,High,Low,Low,High,High,34
K_071,2020-08-08,30014820,Arm500,open,180x180,16,1,Critical,Low,High,High,Low,High,Low,Medium,High,High,Low,Low,Medium,Low,34
K_071,2020-08-08,30014824,Arm500,open,180x180,14,5,Low,Low,High,High,Low,High,Low,Medium,High,High,Low,Low,Medium,High,34
K_071,2020-08-08,30014825,Arm500,open,180x180,18,2,Low,Low,High,High,Low,High,Low,Medium,High,High,Low,Low,High,Low,34
K_072,2020-08-09,30014806,Arm500,open,180x180,8,4,Medium,Medium,High,High,Low,High,Low,Medium,High,High,Low,Low,Low,Medium,33
K_072,2020-08-09,30014812,Arm500,open,180x180,7,2,Healthy,Medium,High,High,Low,High,Low,Medium,High,High,Low,Low,Low,Low,33
K_072,2020-08-09,30014814,Arm500,open,180x180,12,3,Medium,Medium,High,High,Low,High,Low,Medium,High,High,Low,Low,Medium,Medium,33
K_072,2020-08-09,30014816,Arm500,open,180x180,17,6,Critical,Medium,High,High,Low,High,Low,Medium,High,High,Low,Low,High,High,33
K_072,2020-08-09,30014819,Arm500,open,180x180,10,5,Healthy,Medium,High,High,Low,High,Low,Medium,High,High,Low,Low,Medium,High,33
K_072,2020-08-09,30014824,Arm500,open,180x180,14,5,Low,Medium,High,High,Low,High,Low,Medium,High,High,Low,Low,Medium,High,33
K_072,2020-08-09,30014825,Arm500,open,180x180,18,2,Low,Medium,High,High,Low,High,Low,Medium,High,High,Low,Low,High,Low,33
K_073,2020-08-13,30014806,Arm500,open,180x180,8,1,Medium,Low,High,High,Low,High,Low,Medium,High,High,Low,Low,Low,Low,24
K_073,2020-08-13,30014812,Arm500,open,180x180,7,3,Healthy,Low,High,High,Low,High,Low,Medium,High,High,Low,Low,Low,Medium,24
K_073,2020-08-13,30014814,Arm500,open,180x180,12,5,Medium,Low,High,High,Low,High,Low,Medium,High,High,Low,Low,Medium,High,24
K_073,2020-08-13,30014815,Arm500,open,180x180,13,6,Critical,Low,High,High,Low,High,Low,Medium,High,High,Low,Low,Medium,High,24
K_073,2020-08-13,30014819,Arm500,open,180x180,10,4,Medium,Low,High,High,Low,High,Low,Medium,High,High,Low,Low,Medium,Medium,24
K_073,2020-08-13,30014824,Arm500,open,180x180,14,6,Critical,Low,High,High,Low,High,Low,Medium,High,High,Low,Low,Medium,High,24
K_074,2020-08-14,30014806,Arm500,open,180x180,8,1,Low,Medium,High,High,Low,High,Low,Medium,High,High,Low,Low,Low,Low,33
K_074,2020-08-14,30014812,Arm500,open,180x180,7,3,Medium,Medium,High,High,Low,High,Low,Medium,High,High,Low,Low,Low,Medium,33
K_074,2020-08-14,30014814,Arm500,open,180x180,12,5,Low,Medium,High,High,Low,High,Low,Medium,High,High,Low,Low,Medium,High,33
K_074,2020-08-14,30014815,Arm500,open,180x180,13,6,Critical,Medium,High,High,Low,High,Low,Medium,High,High,Low,Low,Medium,High,33
K_074,2020-08-14,30014819,Arm500,open,180x180,10,4,Low,Medium,High,High,Low,High,Low,Medium,High,High,Low,Low,Medium,Medium,33
K_075,2020-08-15,30014806,Arm500,open,180x180,8,2,Low,Medium,High,High,Low,High,Low,Medium,High,High,Low,Low,Low,Low,33
K_075,2020-08-15,30014812,Arm500,open,180x180,7,3,Medium,Medium,High,High,Low,High,Low,Medium,High,High,Low,Low,Low,Medium,33
K_075,2020-08-15,30014814,Arm500,open,180x180,12,5,Low,Medium,High,High,Low,High,Low,Medium,High,High,Low,Low,Medium,High,33
K_075,2020-08-15,30014815,Arm500,open,180x180,13,6,Critical,Medium,High,High,Low,High,Low,Medium,High,High,Low,Low,Medium,High,33
K_075,2020-08-15,30014819,Arm500,open,180x180,10,4,Low,Medium,High,High,Low,High,Low,Medium,High,High,Low,Low,Medium,Medium,33
K_075,2020-08-15,30014825,Arm500,open,180x180,18,5,Critical,Medium,High,High,Low,High,Low,Medium,High,High,Low,Low,High,High,33
K_076,2020-08-16,30014806,Arm500,open,180x180,8,2,Critical,Low,Medium,High,Low,High,Low,Medium,High,High,Low,Low,Low,Low,30
K_076,2020-08-16,30014812,Arm500,open,180x180,7,3,Medium,Low,Medium,High,Low,High,Low,Medium,High,High,Low,Low,Low,Medium,30
K_076,2020-08-16,30014819,Arm500,open,180x180,10,4,Critical,Low,Medium,High,Low,High,Low,Medium,High,High,Low,Low,Medium,Medium,30
K_076,2020-08-16,30014825,Arm500,open,180x180,18,5,Critical,Low,Medium,High,Low,High,Low,Medium,High,High,Low,Low,High,High,30
K_077,2020-08-17,30014806,Arm500,open,180x180,8,2,Critical,Low,Medium,High,Low,High,Low,Medium,High,High,Low,Low,Low,Low,31
K_077,2020-08-17,30014812,Arm500,open,180x180,7,3,Medium,Low,Medium,High,Low,High,Low,Medium,High,High,Low,Low,Low,Medium,31
K_077,2020-08-17,30014814,Arm500,open,180x180,12,4,Critical,Low,Medium,High,Low,High,Low,Medium,High,High,Low,Low,Medium,Medium,26
K_077,2020-08-17,30014819,Arm500,open,180x180,10,4,Critical,Low,Medium,High,Low,High,Low,Medium,High,High,Low,Low,Medium,Medium,26
K_077,2020-08-17,30014824,Arm500,open,180x180,14,5,Critical,Low,Medium,High,Low,High,Low,Medium,High,High,Low,Low,Medium,High,29
K_077,2020-08-17,30014825,Arm500,open,180x180,18,5,Critical,Low,Medium,High,Low,High,Low,Medium,High,High,Low,Low,High,High,29
K_078,2020-08-18,30014814,Arm500,open,180x180,12,4,Critical,High,High,High,Low,High,High,Medium,High,High,Low,Low,Medium,Medium,32
K_078,2020-08-18,30014818,Arm500,open,180x180,18,6,Healthy,High,High,High,Low,High,High,Medium,High,High,Low,Low,High,High,32
K_078,2020-08-18,30014824,Arm500,open,180x180,14,5,Critical,High,High,High,Low,High,High,Medium,High,High,Low,Low,Medium,High,32
K_078,2020-08-18,530314 К,Arm500,open,180x180,17,1,Healthy,High,High,High,Low,High,High,Medium,High,High,Low,Low,High,Low,32
K_079,2020-08-19,30014812,Arm500,open,180x180,7,4,Low,Low,High,High,Low,High,Low,Medium,High,High,Low,Low,Low,Medium,34
K_079,2020-08-19,30014814,Arm500,open,180x180,12,4,Critical,Low,High,High,Low,High,Low,Medium,High,High,Low,Low,Medium,Medium,34
K_079,2020-08-19,30014818,Arm500,open,180x180,18,6,Healthy,Low,High,High,Low,High,Low,Medium,High,High,Low,Low,High,High,34
K_079,2020-08-19,530314 К,Arm500,open,180x180,17,1,Healthy,Low,High,High,Low,High,Low,Medium,High,High,Low,Low,High,Low,34
K_080,2020-08-20,30014139,Arm500,open,180x180,14,3,Healthy,Low,High,High,Low,High,Low,Medium,High,High,Low,Low,Medium,Medium,23
K_080,2020-08-20,30014812,Arm500,open,180x180,7,4,Low,Low,High,High,Low,High,Low,Medium,High,High,Low,Low,Low,Medium,23
K_080,2020-08-20,30014818,Arm500,open,180x180,18,6,Medium,Low,High,High,Low,High,Low,Medium,High,High,Low,Low,High,High,23
K_080,2020-08-20,530314 К,Arm500,open,180x180,17,1,Medium,Low,High,High,Low,High,Low,Medium,High,High,Low,Low,High,Low,23
K_081,2020-08-21,30014135,Arm500,open,180x180,12,6,Healthy,Medium,High,High,Low,High,Low,Medium,High,High,Low,Low,Medium,High,35
K_081,2020-08-21,30014139,Arm500,open,180x180,14,3,Medium,Medium,High,High,Low,High,Low,Medium,High,High,Low,Low,Medium,Medium,35
K_081,2020-08-21,30014812,Arm500,open,180x180,7,4,Low,Medium,High,High,Low,High,Low,Medium,High,High,Low,Low,Low,Medium,35
K_081,2020-08-21,30014818,Arm500,open,180x180,18,6,Medium,Medium,High,High,Low,High,Low,Medium,High,High,Low,Low,High,High,35
K_081,2020-08-21,530314 К,Arm500,open,180x180,17,1,Low,Medium,High,High,Low,High,Low,Medium,High,High,Low,Low,High,Low,35
K_082,2020-08-22,30014135,Arm500,open,180x180,12,6,Medium,Medium,High,High,Low,High,Low,Medium,High,High,Low,Low,Medium,High,31
K_082,2020-08-22,30014139,Arm500,open,180x180,14,3,Low,Low,High,High,Low,High,Low,Medium,High,High,Low,Low,Medium,Medium,10
K_082,2020-08-22,30014812,Arm500,open,180x180,7,4,Low,Medium,High,High,Low,High,Low,Medium,High,High,Low,Low,Low,Medium,31
K_083,2020-08-23,30014135,Arm500,open,180x180,12,6,Medium,Low,High,High,Low,High,Low,Medium,High,High,Low,Low,Medium,High,30
K_083,2020-08-23,30014812,Arm500,open,180x180,7,4,Critical,Low,High,High,Low,High,Low,Medium,High,High,Low,Low,Low,Medium,30
K_083,2020-08-23,30014818,Arm500,open,180x180,18,5,Low,Low,High,High,Low,High,Low,Medium,High,High,Low,Low,High,High,30
K_084,2020-08-24,30014135,Arm500,open,180x180,12,6,Low,Low,High,High,Low,High,Low,Medium,High,High,Low,Low,Medium,High,19
K_084,2020-08-24,30014139,Arm500,open,180x180,14,3,Low,Low,Medium,High,Low,High,Low,Medium,High,High,Low,Low,Medium,Medium,9
K_084,2020-08-24,30014812,Arm500,open,180x180,7,2,Critical,Low,High,High,Low,High,Low,Medium,High,High,Low,Low,Low,Low,19
K_084,2020-08-24,30014818,Arm500,open,180x180,18,5,Low,Low,High,High,Low,High,Low,Medium,High,High,Low,Low,High,High,19
K_084,2020-08-24,530314 К,Arm500,open,180x180,17,1,Low,Low,High,High,Low,High,High,Medium,High,High,Low,Low,High,Low,18
K_085,2020-08-25,30014135,Arm500,open,180x180,12,6,Critical,Low,High,High,Low,High,Low,Medium,High,High,Low,Low,Medium,High,31
K_085,2020-08-25,30014139,Arm500,open,180x180,14,3,Critical,Low,High,High,Low,High,Low,Medium,High,High,Low,Low,Medium,Medium,20
K_085,2020-08-25,30014812,Arm500,open,180x180,7,2,Critical,Low,High,High,Low,High,Low,Medium,High,High,Low,Low,Low,Low,31
K_085,2020-08-25,30014818,Arm500,open,180x180,18,5,Critical,Low,High,High,Low,High,Low,Medium,High,High,Low,Low,High,High,31
K_085,2020-08-25,530314 К,Arm500,open,180x180,17,1,Critical,Low,High,High,Low,High,Low,Medium,High,High,Low,Low,High,Low,31
K_086,2020-08-26,30014135,Arm500,open,180x180,12,6,Critical,Low,High,High,Low,High,High,Medium,High,High,Low,Low,Medium,High,28
K_086,2020-08-26,30014139,Arm500,open,180x180,14,3,Critical,Low,High,High,Low,High,High,Medium,High,High,Low,Low,Medium,Medium,17
K_086,2020-08-26,30014812,Arm500,open,180x180,7,2,Critical,Low,High,High,Low,High,High,Medium,High,High,Low,Low,Low,Low,28
K_086,2020-08-26,30014818,Arm500,open,180x180,18,5,Critical,Low,High,High,Low,High,High,Medium,High,High,Low,Low,High,High,28
K_086,2020-08-26,530314 К,Arm500,open,180x180,17,1,Critical,Low,High,High,Low,High,High,Medium,High,High,Low,Low,High,Low,28
