support,itemsets
0.5516,frozenset({'cast_in_row_BIN_Low'})
0.3598,frozenset({'cast_in_row_BIN_Medium'})
0.6882,"frozenset({'steel_weight, tonn_BIN_High'})"
0.311,"frozenset({'steel_weight, tonn_BIN_Medium'})"
0.9996,"frozenset({'steel_temperature_grab1, Celsius deg._BIN_High'})"
1.0,"frozenset({'resistance, tonn_BIN_Low'})"
0.7348,"frozenset({'swing_frequency, amount/minute_BIN_High'})"
0.1696,"frozenset({'swing_frequency, amount/minute_BIN_Medium'})"
0.338,"frozenset({'crystallizer_movement, mm_BIN_High'})"
0.6334,"frozenset({'crystallizer_movement, mm_BIN_Low'})"
0.8828,"frozenset({'alloy_speed, meter/minute_BIN_Medium'})"
0.9992,"frozenset({'water_consumption, liter/minute_BIN_High'})"
0.9758,"frozenset({'water_temperature_delta, Celsius deg._BIN_High'})"
1.0,"frozenset({'temperature_measurement1, Celsius deg._BIN_Low'})"
1.0,"frozenset({'temperature_measurement2, Celsius deg._BIN_Low'})"
0.2722,frozenset({'num_crystallizer_BIN_High'})
0.2656,frozenset({'num_crystallizer_BIN_Low'})
0.4622,frozenset({'num_crystallizer_BIN_Medium'})
0.3368,frozenset({'num_stream_BIN_High'})
0.3286,frozenset({'num_stream_BIN_Low'})
0.3346,frozenset({'num_stream_BIN_Medium'})
0.3724,"frozenset({'cast_in_row_BIN_Low', 'steel_weight, tonn_BIN_High'})"
0.1784,"frozenset({'cast_in_row_BIN_Low', 'steel_weight, tonn_BIN_Medium'})"
0.5516,"frozenset({'cast_in_row_BIN_Low', 'steel_temperature_grab1, Celsius deg._BIN_High'})"
0.5516,"frozenset({'resistance, tonn_BIN_Low', 'cast_in_row_BIN_Low'})"
0.3882,"frozenset({'swing_frequency, amount/minute_BIN_High', 'cast_in_row_BIN_Low'})"
0.1592,"frozenset({'cast_in_row_BIN_Low', 'crystallizer_movement, mm_BIN_High'})"
0.3792,"frozenset({'cast_in_row_BIN_Low', 'crystallizer_movement, mm_BIN_Low'})"
0.4912,"frozenset({'cast_in_row_BIN_Low', 'alloy_speed, meter/minute_BIN_Medium'})"
0.5516,"frozenset({'water_consumption, liter/minute_BIN_High', 'cast_in_row_BIN_Low'})"
0.533,"frozenset({'cast_in_row_BIN_Low', 'water_temperature_delta, Celsius deg._BIN_High'})"
0.5516,"frozenset({'cast_in_row_BIN_Low', 'temperature_measurement1, Celsius deg._BIN_Low'})"
0.5516,"frozenset({'cast_in_row_BIN_Low', 'temperature_measurement2, Celsius deg._BIN_Low'})"
0.1512,"frozenset({'cast_in_row_BIN_Low', 'num_crystallizer_BIN_Low'})"
0.2548,"frozenset({'cast_in_row_BIN_Low', 'num_crystallizer_BIN_Medium'})"
0.19,"frozenset({'cast_in_row_BIN_Low', 'num_stream_BIN_High'})"
0.1876,"frozenset({'cast_in_row_BIN_Low', 'num_stream_BIN_Low'})"
0.174,"frozenset({'cast_in_row_BIN_Low', 'num_stream_BIN_Medium'})"
0.251,"frozenset({'steel_weight, tonn_BIN_High', 'cast_in_row_BIN_Medium'})"
0.3598,"frozenset({'steel_temperature_grab1, Celsius deg._BIN_High', 'cast_in_row_BIN_Medium'})"
0.3598,"frozenset({'resistance, tonn_BIN_Low', 'cast_in_row_BIN_Medium'})"
0.2682,"frozenset({'swing_frequency, amount/minute_BIN_High', 'cast_in_row_BIN_Medium'})"
0.2196,"frozenset({'crystallizer_movement, mm_BIN_Low', 'cast_in_row_BIN_Medium'})"
0.3124,"frozenset({'alloy_speed, meter/minute_BIN_Medium', 'cast_in_row_BIN_Medium'})"
0.359,"frozenset({'water_consumption, liter/minute_BIN_High', 'cast_in_row_BIN_Medium'})"
0.3542,"frozenset({'water_temperature_delta, Celsius deg._BIN_High', 'cast_in_row_BIN_Medium'})"
0.3598,"frozenset({'temperature_measurement1, Celsius deg._BIN_Low', 'cast_in_row_BIN_Medium'})"
0.3598,"frozenset({'cast_in_row_BIN_Medium', 'temperature_measurement2, Celsius deg._BIN_Low'})"
0.1638,"frozenset({'num_crystallizer_BIN_Medium', 'cast_in_row_BIN_Medium'})"
0.6878,"frozenset({'steel_temperature_grab1, Celsius deg._BIN_High', 'steel_weight, tonn_BIN_High'})"
0.6882,"frozenset({'resistance, tonn_BIN_Low', 'steel_weight, tonn_BIN_High'})"
0.489,"frozenset({'swing_frequency, amount/minute_BIN_High', 'steel_weight, tonn_BIN_High'})"
0.238,"frozenset({'steel_weight, tonn_BIN_High', 'crystallizer_movement, mm_BIN_High'})"
0.4306,"frozenset({'steel_weight, tonn_BIN_High', 'crystallizer_movement, mm_BIN_Low'})"
0.5982,"frozenset({'steel_weight, tonn_BIN_High', 'alloy_speed, meter/minute_BIN_Medium'})"
0.6882,"frozenset({'water_consumption, liter/minute_BIN_High', 'steel_weight, tonn_BIN_High'})"
0.6748,"frozenset({'water_temperature_delta, Celsius deg._BIN_High', 'steel_weight, tonn_BIN_High'})"
0.6882,"frozenset({'steel_weight, tonn_BIN_High', 'temperature_measurement1, Celsius deg._BIN_Low'})"
0.6882,"frozenset({'steel_weight, tonn_BIN_High', 'temperature_measurement2, Celsius deg._BIN_Low'})"
0.1858,"frozenset({'steel_weight, tonn_BIN_High', 'num_crystallizer_BIN_High'})"
0.183,"frozenset({'steel_weight, tonn_BIN_High', 'num_crystallizer_BIN_Low'})"
0.3194,"frozenset({'num_crystallizer_BIN_Medium', 'steel_weight, tonn_BIN_High'})"
0.2314,"frozenset({'num_stream_BIN_High', 'steel_weight, tonn_BIN_High'})"
0.2218,"frozenset({'num_stream_BIN_Low', 'steel_weight, tonn_BIN_High'})"
0.235,"frozenset({'steel_weight, tonn_BIN_High', 'num_stream_BIN_Medium'})"
0.311,"frozenset({'steel_temperature_grab1, Celsius deg._BIN_High', 'steel_weight, tonn_BIN_Medium'})"
0.311,"frozenset({'resistance, tonn_BIN_Low', 'steel_weight, tonn_BIN_Medium'})"
0.2452,"frozenset({'swing_frequency, amount/minute_BIN_High', 'steel_weight, tonn_BIN_Medium'})"
0.202,"frozenset({'crystallizer_movement, mm_BIN_Low', 'steel_weight, tonn_BIN_Medium'})"
0.2838,"frozenset({'alloy_speed, meter/minute_BIN_Medium', 'steel_weight, tonn_BIN_Medium'})"
0.3102,"frozenset({'water_consumption, liter/minute_BIN_High', 'steel_weight, tonn_BIN_Medium'})"
0.3002,"frozenset({'water_temperature_delta, Celsius deg._BIN_High', 'steel_weight, tonn_BIN_Medium'})"
0.311,"frozenset({'temperature_measurement1, Celsius deg._BIN_Low', 'steel_weight, tonn_BIN_Medium'})"
0.311,"frozenset({'temperature_measurement2, Celsius deg._BIN_Low', 'steel_weight, tonn_BIN_Medium'})"
0.9996,"frozenset({'resistance, tonn_BIN_Low', 'steel_temperature_grab1, Celsius deg._BIN_High'})"
0.7344,"frozenset({'swing_frequency, amount/minute_BIN_High', 'steel_temperature_grab1, Celsius deg._BIN_High'})"
0.1696,"frozenset({'steel_temperature_grab1, Celsius deg._BIN_High', 'swing_frequency, amount/minute_BIN_Medium'})"
0.3376,"frozenset({'steel_temperature_grab1, Celsius deg._BIN_High', 'crystallizer_movement, mm_BIN_High'})"
0.6334,"frozenset({'steel_temperature_grab1, Celsius deg._BIN_High', 'crystallizer_movement, mm_BIN_Low'})"
0.8824,"frozenset({'steel_temperature_grab1, Celsius deg._BIN_High', 'alloy_speed, meter/minute_BIN_Medium'})"
0.9988,"frozenset({'water_consumption, liter/minute_BIN_High', 'steel_temperature_grab1, Celsius deg._BIN_High'})"
0.9754,"frozenset({'steel_temperature_grab1, Celsius deg._BIN_High', 'water_temperature_delta, Celsius deg._BIN_High'})"
0.9996,"frozenset({'steel_temperature_grab1, Celsius deg._BIN_High', 'temperature_measurement1, Celsius deg._BIN_Low'})"
0.9996,"frozenset({'steel_temperature_grab1, Celsius deg._BIN_High', 'temperature_measurement2, Celsius deg._BIN_Low'})"
0.2722,"frozenset({'steel_temperature_grab1, Celsius deg._BIN_High', 'num_crystallizer_BIN_High'})"
0.2656,"frozenset({'steel_temperature_grab1, Celsius deg._BIN_High', 'num_crystallizer_BIN_Low'})"
0.4618,"frozenset({'steel_temperature_grab1, Celsius deg._BIN_High', 'num_crystallizer_BIN_Medium'})"
0.3368,"frozenset({'steel_temperature_grab1, Celsius deg._BIN_High', 'num_stream_BIN_High'})"
0.3284,"frozenset({'steel_temperature_grab1, Celsius deg._BIN_High', 'num_stream_BIN_Low'})"
0.3344,"frozenset({'steel_temperature_grab1, Celsius deg._BIN_High', 'num_stream_BIN_Medium'})"
0.7348,"frozenset({'resistance, tonn_BIN_Low', 'swing_frequency, amount/minute_BIN_High'})"
0.1696,"frozenset({'resistance, tonn_BIN_Low', 'swing_frequency, amount/minute_BIN_Medium'})"
0.338,"frozenset({'resistance, tonn_BIN_Low', 'crystallizer_movement, mm_BIN_High'})"
0.6334,"frozenset({'resistance, tonn_BIN_Low', 'crystallizer_movement, mm_BIN_Low'})"
0.8828,"frozenset({'resistance, tonn_BIN_Low', 'alloy_speed, meter/minute_BIN_Medium'})"
0.9992,"frozenset({'resistance, tonn_BIN_Low', 'water_consumption, liter/minute_BIN_High'})"
0.9758,"frozenset({'resistance, tonn_BIN_Low', 'water_temperature_delta, Celsius deg._BIN_High'})"
1.0,"frozenset({'resistance, tonn_BIN_Low', 'temperature_measurement1, Celsius deg._BIN_Low'})"
1.0,"frozenset({'resistance, tonn_BIN_Low', 'temperature_measurement2, Celsius deg._BIN_Low'})"
0.2722,"frozenset({'resistance, tonn_BIN_Low', 'num_crystallizer_BIN_High'})"
0.2656,"frozenset({'resistance, tonn_BIN_Low', 'num_crystallizer_BIN_Low'})"
0.4622,"frozenset({'resistance, tonn_BIN_Low', 'num_crystallizer_BIN_Medium'})"
0.3368,"frozenset({'resistance, tonn_BIN_Low', 'num_stream_BIN_High'})"
0.3286,"frozenset({'resistance, tonn_BIN_Low', 'num_stream_BIN_Low'})"
0.3346,"frozenset({'resistance, tonn_BIN_Low', 'num_stream_BIN_Medium'})"
0.239,"frozenset({'swing_frequency, amount/minute_BIN_High', 'crystallizer_movement, mm_BIN_High'})"
0.494,"frozenset({'swing_frequency, amount/minute_BIN_High', 'crystallizer_movement, mm_BIN_Low'})"
0.7338,"frozenset({'swing_frequency, amount/minute_BIN_High', 'alloy_speed, meter/minute_BIN_Medium'})"
0.7346,"frozenset({'swing_frequency, amount/minute_BIN_High', 'water_consumption, liter/minute_BIN_High'})"
0.7342,"frozenset({'swing_frequency, amount/minute_BIN_High', 'water_temperature_delta, Celsius deg._BIN_High'})"
0.7348,"frozenset({'swing_frequency, amount/minute_BIN_High', 'temperature_measurement1, Celsius deg._BIN_Low'})"
0.7348,"frozenset({'swing_frequency, amount/minute_BIN_High', 'temperature_measurement2, Celsius deg._BIN_Low'})"
0.2014,"frozenset({'swing_frequency, amount/minute_BIN_High', 'num_crystallizer_BIN_High'})"
0.172,"frozenset({'swing_frequency, amount/minute_BIN_High', 'num_crystallizer_BIN_Low'})"
0.3614,"frozenset({'swing_frequency, amount/minute_BIN_High', 'num_crystallizer_BIN_Medium'})"
0.2536,"frozenset({'swing_frequency, amount/minute_BIN_High', 'num_stream_BIN_High'})"
0.2448,"frozenset({'swing_frequency, amount/minute_BIN_High', 'num_stream_BIN_Low'})"
0.2364,"frozenset({'swing_frequency, amount/minute_BIN_High', 'num_stream_BIN_Medium'})"
0.1696,"frozenset({'water_consumption, liter/minute_BIN_High', 'swing_frequency, amount/minute_BIN_Medium'})"
0.1696,"frozenset({'temperature_measurement1, Celsius deg._BIN_Low', 'swing_frequency, amount/minute_BIN_Medium'})"
0.1696,"frozenset({'swing_frequency, amount/minute_BIN_Medium', 'temperature_measurement2, Celsius deg._BIN_Low'})"
0.2554,"frozenset({'alloy_speed, meter/minute_BIN_Medium', 'crystallizer_movement, mm_BIN_High'})"
0.3378,"frozenset({'water_consumption, liter/minute_BIN_High', 'crystallizer_movement, mm_BIN_High'})"
0.3356,"frozenset({'water_temperature_delta, Celsius deg._BIN_High', 'crystallizer_movement, mm_BIN_High'})"
0.338,"frozenset({'crystallizer_movement, mm_BIN_High', 'temperature_measurement1, Celsius deg._BIN_Low'})"
0.338,"frozenset({'crystallizer_movement, mm_BIN_High', 'temperature_measurement2, Celsius deg._BIN_Low'})"
0.1536,"frozenset({'num_crystallizer_BIN_Medium', 'crystallizer_movement, mm_BIN_High'})"
0.6244,"frozenset({'alloy_speed, meter/minute_BIN_Medium', 'crystallizer_movement, mm_BIN_Low'})"
0.6328,"frozenset({'water_consumption, liter/minute_BIN_High', 'crystallizer_movement, mm_BIN_Low'})"
0.6136,"frozenset({'water_temperature_delta, Celsius deg._BIN_High', 'crystallizer_movement, mm_BIN_Low'})"
0.6334,"frozenset({'temperature_measurement1, Celsius deg._BIN_Low', 'crystallizer_movement, mm_BIN_Low'})"
0.6334,"frozenset({'crystallizer_movement, mm_BIN_Low', 'temperature_measurement2, Celsius deg._BIN_Low'})"
0.1728,"frozenset({'num_crystallizer_BIN_High', 'crystallizer_movement, mm_BIN_Low'})"
0.1608,"frozenset({'num_crystallizer_BIN_Low', 'crystallizer_movement, mm_BIN_Low'})"
0.2998,"frozenset({'num_crystallizer_BIN_Medium', 'crystallizer_movement, mm_BIN_Low'})"
0.2158,"frozenset({'num_stream_BIN_High', 'crystallizer_movement, mm_BIN_Low'})"
0.2102,"frozenset({'num_stream_BIN_Low', 'crystallizer_movement, mm_BIN_Low'})"
0.2074,"frozenset({'crystallizer_movement, mm_BIN_Low', 'num_stream_BIN_Medium'})"
0.882,"frozenset({'water_consumption, liter/minute_BIN_High', 'alloy_speed, meter/minute_BIN_Medium'})"
0.8646,"frozenset({'water_temperature_delta, Celsius deg._BIN_High', 'alloy_speed, meter/minute_BIN_Medium'})"
0.8828,"frozenset({'alloy_speed, meter/minute_BIN_Medium', 'temperature_measurement1, Celsius deg._BIN_Low'})"
0.8828,"frozenset({'alloy_speed, meter/minute_BIN_Medium', 'temperature_measurement2, Celsius deg._BIN_Low'})"
0.235,"frozenset({'alloy_speed, meter/minute_BIN_Medium', 'num_crystallizer_BIN_High'})"
0.216,"frozenset({'alloy_speed, meter/minute_BIN_Medium', 'num_crystallizer_BIN_Low'})"
0.4318,"frozenset({'num_crystallizer_BIN_Medium', 'alloy_speed, meter/minute_BIN_Medium'})"
0.301,"frozenset({'num_stream_BIN_High', 'alloy_speed, meter/minute_BIN_Medium'})"
0.293,"frozenset({'num_stream_BIN_Low', 'alloy_speed, meter/minute_BIN_Medium'})"
0.2888,"frozenset({'alloy_speed, meter/minute_BIN_Medium', 'num_stream_BIN_Medium'})"
0.9756,"frozenset({'water_consumption, liter/minute_BIN_High', 'water_temperature_delta, Celsius deg._BIN_High'})"
0.9992,"frozenset({'water_consumption, liter/minute_BIN_High', 'temperature_measurement1, Celsius deg._BIN_Low'})"
0.9992,"frozenset({'water_consumption, liter/minute_BIN_High', 'temperature_measurement2, Celsius deg._BIN_Low'})"
0.2716,"frozenset({'water_consumption, liter/minute_BIN_High', 'num_crystallizer_BIN_High'})"
0.2656,"frozenset({'water_consumption, liter/minute_BIN_High', 'num_crystallizer_BIN_Low'})"
0.462,"frozenset({'water_consumption, liter/minute_BIN_High', 'num_crystallizer_BIN_Medium'})"
0.3362,"frozenset({'water_consumption, liter/minute_BIN_High', 'num_stream_BIN_High'})"
0.3284,"frozenset({'water_consumption, liter/minute_BIN_High', 'num_stream_BIN_Low'})"
0.3346,"frozenset({'water_consumption, liter/minute_BIN_High', 'num_stream_BIN_Medium'})"
0.9758,"frozenset({'water_temperature_delta, Celsius deg._BIN_High', 'temperature_measurement1, Celsius deg._BIN_Low'})"
0.9758,"frozenset({'water_temperature_delta, Celsius deg._BIN_High', 'temperature_measurement2, Celsius deg._BIN_Low'})"
0.2662,"frozenset({'water_temperature_delta, Celsius deg._BIN_High', 'num_crystallizer_BIN_High'})"
0.2588,"frozenset({'water_temperature_delta, Celsius deg._BIN_High', 'num_crystallizer_BIN_Low'})"
0.4508,"frozenset({'num_crystallizer_BIN_Medium', 'water_temperature_delta, Celsius deg._BIN_High'})"
0.3278,"frozenset({'water_temperature_delta, Celsius deg._BIN_High', 'num_stream_BIN_High'})"
0.3214,"frozenset({'water_temperature_delta, Celsius deg._BIN_High', 'num_stream_BIN_Low'})"
0.3266,"frozenset({'water_temperature_delta, Celsius deg._BIN_High', 'num_stream_BIN_Medium'})"
1.0,"frozenset({'temperature_measurement1, Celsius deg._BIN_Low', 'temperature_measurement2, Celsius deg._BIN_Low'})"
0.2722,"frozenset({'num_crystallizer_BIN_High', 'temperature_measurement1, Celsius deg._BIN_Low'})"
0.2656,"frozenset({'num_crystallizer_BIN_Low', 'temperature_measurement1, Celsius deg._BIN_Low'})"
0.4622,"frozenset({'num_crystallizer_BIN_Medium', 'temperature_measurement1, Celsius deg._BIN_Low'})"
0.3368,"frozenset({'num_stream_BIN_High', 'temperature_measurement1, Celsius deg._BIN_Low'})"
0.3286,"frozenset({'num_stream_BIN_Low', 'temperature_measurement1, Celsius deg._BIN_Low'})"
0.3346,"frozenset({'temperature_measurement1, Celsius deg._BIN_Low', 'num_stream_BIN_Medium'})"
0.2722,"frozenset({'num_crystallizer_BIN_High', 'temperature_measurement2, Celsius deg._BIN_Low'})"
0.2656,"frozenset({'num_crystallizer_BIN_Low', 'temperature_measurement2, Celsius deg._BIN_Low'})"
0.4622,"frozenset({'num_crystallizer_BIN_Medium', 'temperature_measurement2, Celsius deg._BIN_Low'})"
0.3368,"frozenset({'num_stream_BIN_High', 'temperature_measurement2, Celsius deg._BIN_Low'})"
0.3286,"frozenset({'num_stream_BIN_Low', 'temperature_measurement2, Celsius deg._BIN_Low'})"
0.3346,"frozenset({'temperature_measurement2, Celsius deg._BIN_Low', 'num_stream_BIN_Medium'})"
0.1988,"frozenset({'num_crystallizer_BIN_Medium', 'num_stream_BIN_Medium'})"
0.3724,"frozenset({'cast_in_row_BIN_Low', 'steel_weight, tonn_BIN_High', 'steel_temperature_grab1, Celsius deg._BIN_High'})"
0.3724,"frozenset({'resistance, tonn_BIN_Low', 'cast_in_row_BIN_Low', 'steel_weight, tonn_BIN_High'})"
0.2528,"frozenset({'swing_frequency, amount/minute_BIN_High', 'cast_in_row_BIN_Low', 'steel_weight, tonn_BIN_High'})"
0.2512,"frozenset({'cast_in_row_BIN_Low', 'steel_weight, tonn_BIN_High', 'crystallizer_movement, mm_BIN_Low'})"
0.3274,"frozenset({'cast_in_row_BIN_Low', 'steel_weight, tonn_BIN_High', 'alloy_speed, meter/minute_BIN_Medium'})"
0.3724,"frozenset({'water_consumption, liter/minute_BIN_High', 'cast_in_row_BIN_Low', 'steel_weight, tonn_BIN_High'})"
0.3628,"frozenset({'cast_in_row_BIN_Low', 'water_temperature_delta, Celsius deg._BIN_High', 'steel_weight, tonn_BIN_High'})"
0.3724,"frozenset({'cast_in_row_BIN_Low', 'steel_weight, tonn_BIN_High', 'temperature_measurement1, Celsius deg._BIN_Low'})"
0.3724,"frozenset({'cast_in_row_BIN_Low', 'steel_weight, tonn_BIN_High', 'temperature_measurement2, Celsius deg._BIN_Low'})"
0.1678,"frozenset({'cast_in_row_BIN_Low', 'num_crystallizer_BIN_Medium', 'steel_weight, tonn_BIN_High'})"
0.1784,"frozenset({'cast_in_row_BIN_Low', 'steel_temperature_grab1, Celsius deg._BIN_High', 'steel_weight, tonn_BIN_Medium'})"
0.1784,"frozenset({'resistance, tonn_BIN_Low', 'cast_in_row_BIN_Low', 'steel_weight, tonn_BIN_Medium'})"
0.163,"frozenset({'cast_in_row_BIN_Low', 'alloy_speed, meter/minute_BIN_Medium', 'steel_weight, tonn_BIN_Medium'})"
0.1784,"frozenset({'water_consumption, liter/minute_BIN_High', 'cast_in_row_BIN_Low', 'steel_weight, tonn_BIN_Medium'})"
0.1694,"frozenset({'cast_in_row_BIN_Low', 'water_temperature_delta, Celsius deg._BIN_High', 'steel_weight, tonn_BIN_Medium'})"
0.1784,"frozenset({'cast_in_row_BIN_Low', 'temperature_measurement1, Celsius deg._BIN_Low', 'steel_weight, tonn_BIN_Medium'})"
0.1784,"frozenset({'cast_in_row_BIN_Low', 'temperature_measurement2, Celsius deg._BIN_Low', 'steel_weight, tonn_BIN_Medium'})"
0.5516,"frozenset({'resistance, tonn_BIN_Low', 'cast_in_row_BIN_Low', 'steel_temperature_grab1, Celsius deg._BIN_High'})"
0.3882,"frozenset({'swing_frequency, amount/minute_BIN_High', 'cast_in_row_BIN_Low', 'steel_temperature_grab1, Celsius deg._BIN_High'})"
0.1592,"frozenset({'cast_in_row_BIN_Low', 'crystallizer_movement, mm_BIN_High', 'steel_temperature_grab1, Celsius deg._BIN_High'})"
0.3792,"frozenset({'cast_in_row_BIN_Low', 'crystallizer_movement, mm_BIN_Low', 'steel_temperature_grab1, Celsius deg._BIN_High'})"
0.4912,"frozenset({'cast_in_row_BIN_Low', 'alloy_speed, meter/minute_BIN_Medium', 'steel_temperature_grab1, Celsius deg._BIN_High'})"
0.5516,"frozenset({'water_consumption, liter/minute_BIN_High', 'cast_in_row_BIN_Low', 'steel_temperature_grab1, Celsius deg._BIN_High'})"
0.533,"frozenset({'cast_in_row_BIN_Low', 'water_temperature_delta, Celsius deg._BIN_High', 'steel_temperature_grab1, Celsius deg._BIN_High'})"
0.5516,"frozenset({'cast_in_row_BIN_Low', 'temperature_measurement1, Celsius deg._BIN_Low', 'steel_temperature_grab1, Celsius deg._BIN_High'})"
0.5516,"frozenset({'temperature_measurement2, Celsius deg._BIN_Low', 'cast_in_row_BIN_Low', 'steel_temperature_grab1, Celsius deg._BIN_High'})"
0.1512,"frozenset({'cast_in_row_BIN_Low', 'num_crystallizer_BIN_Low', 'steel_temperature_grab1, Celsius deg._BIN_High'})"
0.2548,"frozenset({'cast_in_row_BIN_Low', 'num_crystallizer_BIN_Medium', 'steel_temperature_grab1, Celsius deg._BIN_High'})"
0.19,"frozenset({'cast_in_row_BIN_Low', 'num_stream_BIN_High', 'steel_temperature_grab1, Celsius deg._BIN_High'})"
0.1876,"frozenset({'cast_in_row_BIN_Low', 'num_stream_BIN_Low', 'steel_temperature_grab1, Celsius deg._BIN_High'})"
0.174,"frozenset({'cast_in_row_BIN_Low', 'steel_temperature_grab1, Celsius deg._BIN_High', 'num_stream_BIN_Medium'})"
0.3882,"frozenset({'resistance, tonn_BIN_Low', 'cast_in_row_BIN_Low', 'swing_frequency, amount/minute_BIN_High'})"
0.1592,"frozenset({'resistance, tonn_BIN_Low', 'cast_in_row_BIN_Low', 'crystallizer_movement, mm_BIN_High'})"
0.3792,"frozenset({'resistance, tonn_BIN_Low', 'cast_in_row_BIN_Low', 'crystallizer_movement, mm_BIN_Low'})"
0.4912,"frozenset({'resistance, tonn_BIN_Low', 'cast_in_row_BIN_Low', 'alloy_speed, meter/minute_BIN_Medium'})"
0.5516,"frozenset({'resistance, tonn_BIN_Low', 'cast_in_row_BIN_Low', 'water_consumption, liter/minute_BIN_High'})"
0.533,"frozenset({'resistance, tonn_BIN_Low', 'cast_in_row_BIN_Low', 'water_temperature_delta, Celsius deg._BIN_High'})"
0.5516,"frozenset({'resistance, tonn_BIN_Low', 'cast_in_row_BIN_Low', 'temperature_measurement1, Celsius deg._BIN_Low'})"
0.5516,"frozenset({'resistance, tonn_BIN_Low', 'cast_in_row_BIN_Low', 'temperature_measurement2, Celsius deg._BIN_Low'})"
0.1512,"frozenset({'resistance, tonn_BIN_Low', 'cast_in_row_BIN_Low', 'num_crystallizer_BIN_Low'})"
0.2548,"frozenset({'resistance, tonn_BIN_Low', 'cast_in_row_BIN_Low', 'num_crystallizer_BIN_Medium'})"
0.19,"frozenset({'resistance, tonn_BIN_Low', 'cast_in_row_BIN_Low', 'num_stream_BIN_High'})"
0.1876,"frozenset({'resistance, tonn_BIN_Low', 'cast_in_row_BIN_Low', 'num_stream_BIN_Low'})"
0.174,"frozenset({'resistance, tonn_BIN_Low', 'cast_in_row_BIN_Low', 'num_stream_BIN_Medium'})"
0.286,"frozenset({'swing_frequency, amount/minute_BIN_High', 'cast_in_row_BIN_Low', 'crystallizer_movement, mm_BIN_Low'})"
0.3882,"frozenset({'swing_frequency, amount/minute_BIN_High', 'cast_in_row_BIN_Low', 'alloy_speed, meter/minute_BIN_Medium'})"
0.3882,"frozenset({'water_consumption, liter/minute_BIN_High', 'cast_in_row_BIN_Low', 'swing_frequency, amount/minute_BIN_High'})"
0.3876,"frozenset({'swing_frequency, amount/minute_BIN_High', 'cast_in_row_BIN_Low', 'water_temperature_delta, Celsius deg._BIN_High'})"
0.3882,"frozenset({'swing_frequency, amount/minute_BIN_High', 'cast_in_row_BIN_Low', 'temperature_measurement1, Celsius deg._BIN_Low'})"
0.3882,"frozenset({'swing_frequency, amount/minute_BIN_High', 'cast_in_row_BIN_Low', 'temperature_measurement2, Celsius deg._BIN_Low'})"
0.1892,"frozenset({'swing_frequency, amount/minute_BIN_High', 'cast_in_row_BIN_Low', 'num_crystallizer_BIN_Medium'})"
0.1592,"frozenset({'water_consumption, liter/minute_BIN_High', 'cast_in_row_BIN_Low', 'crystallizer_movement, mm_BIN_High'})"
0.1592,"frozenset({'cast_in_row_BIN_Low', 'water_temperature_delta, Celsius deg._BIN_High', 'crystallizer_movement, mm_BIN_High'})"
0.1592,"frozenset({'cast_in_row_BIN_Low', 'crystallizer_movement, mm_BIN_High', 'temperature_measurement1, Celsius deg._BIN_Low'})"
0.1592,"frozenset({'cast_in_row_BIN_Low', 'crystallizer_movement, mm_BIN_High', 'temperature_measurement2, Celsius deg._BIN_Low'})"
0.3748,"frozenset({'cast_in_row_BIN_Low', 'alloy_speed, meter/minute_BIN_Medium', 'crystallizer_movement, mm_BIN_Low'})"
0.3792,"frozenset({'water_consumption, liter/minute_BIN_High', 'cast_in_row_BIN_Low', 'crystallizer_movement, mm_BIN_Low'})"
0.3612,"frozenset({'cast_in_row_BIN_Low', 'water_temperature_delta, Celsius deg._BIN_High', 'crystallizer_movement, mm_BIN_Low'})"
0.3792,"frozenset({'cast_in_row_BIN_Low', 'temperature_measurement1, Celsius deg._BIN_Low', 'crystallizer_movement, mm_BIN_Low'})"
0.3792,"frozenset({'cast_in_row_BIN_Low', 'crystallizer_movement, mm_BIN_Low', 'temperature_measurement2, Celsius deg._BIN_Low'})"
0.1868,"frozenset({'cast_in_row_BIN_Low', 'num_crystallizer_BIN_Medium', 'crystallizer_movement, mm_BIN_Low'})"
0.4912,"frozenset({'water_consumption, liter/minute_BIN_High', 'cast_in_row_BIN_Low', 'alloy_speed, meter/minute_BIN_Medium'})"
0.4772,"frozenset({'cast_in_row_BIN_Low', 'water_temperature_delta, Celsius deg._BIN_High', 'alloy_speed, meter/minute_BIN_Medium'})"
0.4912,"frozenset({'cast_in_row_BIN_Low', 'alloy_speed, meter/minute_BIN_Medium', 'temperature_measurement1, Celsius deg._BIN_Low'})"
0.4912,"frozenset({'cast_in_row_BIN_Low', 'alloy_speed, meter/minute_BIN_Medium', 'temperature_measurement2, Celsius deg._BIN_Low'})"
0.24,"frozenset({'cast_in_row_BIN_Low', 'num_crystallizer_BIN_Medium', 'alloy_speed, meter/minute_BIN_Medium'})"
0.1716,"frozenset({'cast_in_row_BIN_Low', 'num_stream_BIN_High', 'alloy_speed, meter/minute_BIN_Medium'})"
0.1676,"frozenset({'num_stream_BIN_Low', 'cast_in_row_BIN_Low', 'alloy_speed, meter/minute_BIN_Medium'})"
0.152,"frozenset({'cast_in_row_BIN_Low', 'alloy_speed, meter/minute_BIN_Medium', 'num_stream_BIN_Medium'})"
0.533,"frozenset({'water_consumption, liter/minute_BIN_High', 'cast_in_row_BIN_Low', 'water_temperature_delta, Celsius deg._BIN_High'})"
0.5516,"frozenset({'water_consumption, liter/minute_BIN_High', 'cast_in_row_BIN_Low', 'temperature_measurement1, Celsius deg._BIN_Low'})"
0.5516,"frozenset({'water_consumption, liter/minute_BIN_High', 'cast_in_row_BIN_Low', 'temperature_measurement2, Celsius deg._BIN_Low'})"
0.1512,"frozenset({'water_consumption, liter/minute_BIN_High', 'cast_in_row_BIN_Low', 'num_crystallizer_BIN_Low'})"
0.2548,"frozenset({'water_consumption, liter/minute_BIN_High', 'cast_in_row_BIN_Low', 'num_crystallizer_BIN_Medium'})"
0.19,"frozenset({'water_consumption, liter/minute_BIN_High', 'cast_in_row_BIN_Low', 'num_stream_BIN_High'})"
0.1876,"frozenset({'water_consumption, liter/minute_BIN_High', 'cast_in_row_BIN_Low', 'num_stream_BIN_Low'})"
0.174,"frozenset({'water_consumption, liter/minute_BIN_High', 'cast_in_row_BIN_Low', 'num_stream_BIN_Medium'})"
0.533,"frozenset({'cast_in_row_BIN_Low', 'water_temperature_delta, Celsius deg._BIN_High', 'temperature_measurement1, Celsius deg._BIN_Low'})"
0.533,"frozenset({'cast_in_row_BIN_Low', 'water_temperature_delta, Celsius deg._BIN_High', 'temperature_measurement2, Celsius deg._BIN_Low'})"
0.2466,"frozenset({'cast_in_row_BIN_Low', 'num_crystallizer_BIN_Medium', 'water_temperature_delta, Celsius deg._BIN_High'})"
0.1822,"frozenset({'cast_in_row_BIN_Low', 'water_temperature_delta, Celsius deg._BIN_High', 'num_stream_BIN_High'})"
0.1832,"frozenset({'cast_in_row_BIN_Low', 'water_temperature_delta, Celsius deg._BIN_High', 'num_stream_BIN_Low'})"
0.1676,"frozenset({'cast_in_row_BIN_Low', 'water_temperature_delta, Celsius deg._BIN_High', 'num_stream_BIN_Medium'})"
0.5516,"frozenset({'cast_in_row_BIN_Low', 'temperature_measurement1, Celsius deg._BIN_Low', 'temperature_measurement2, Celsius deg._BIN_Low'})"
0.1512,"frozenset({'cast_in_row_BIN_Low', 'num_crystallizer_BIN_Low', 'temperature_measurement1, Celsius deg._BIN_Low'})"
0.2548,"frozenset({'cast_in_row_BIN_Low', 'num_crystallizer_BIN_Medium', 'temperature_measurement1, Celsius deg._BIN_Low'})"
0.19,"frozenset({'cast_in_row_BIN_Low', 'num_stream_BIN_High', 'temperature_measurement1, Celsius deg._BIN_Low'})"
0.1876,"frozenset({'cast_in_row_BIN_Low', 'num_stream_BIN_Low', 'temperature_measurement1, Celsius deg._BIN_Low'})"
0.174,"frozenset({'cast_in_row_BIN_Low', 'temperature_measurement1, Celsius deg._BIN_Low', 'num_stream_BIN_Medium'})"
0.1512,"frozenset({'cast_in_row_BIN_Low', 'num_crystallizer_BIN_Low', 'temperature_measurement2, Celsius deg._BIN_Low'})"
0.2548,"frozenset({'cast_in_row_BIN_Low', 'num_crystallizer_BIN_Medium', 'temperature_measurement2, Celsius deg._BIN_Low'})"
0.19,"frozenset({'cast_in_row_BIN_Low', 'num_stream_BIN_High', 'temperature_measurement2, Celsius deg._BIN_Low'})"
0.1876,"frozenset({'cast_in_row_BIN_Low', 'num_stream_BIN_Low', 'temperature_measurement2, Celsius deg._BIN_Low'})"
0.174,"frozenset({'cast_in_row_BIN_Low', 'temperature_measurement2, Celsius deg._BIN_Low', 'num_stream_BIN_Medium'})"
0.251,"frozenset({'steel_temperature_grab1, Celsius deg._BIN_High', 'steel_weight, tonn_BIN_High', 'cast_in_row_BIN_Medium'})"
0.251,"frozenset({'resistance, tonn_BIN_Low', 'steel_weight, tonn_BIN_High', 'cast_in_row_BIN_Medium'})"
0.1788,"frozenset({'swing_frequency, amount/minute_BIN_High', 'steel_weight, tonn_BIN_High', 'cast_in_row_BIN_Medium'})"
0.152,"frozenset({'steel_weight, tonn_BIN_High', 'crystallizer_movement, mm_BIN_Low', 'cast_in_row_BIN_Medium'})"
0.2126,"frozenset({'steel_weight, tonn_BIN_High', 'alloy_speed, meter/minute_BIN_Medium', 'cast_in_row_BIN_Medium'})"
0.251,"frozenset({'water_consumption, liter/minute_BIN_High', 'steel_weight, tonn_BIN_High', 'cast_in_row_BIN_Medium'})"
0.2472,"frozenset({'water_temperature_delta, Celsius deg._BIN_High', 'steel_weight, tonn_BIN_High', 'cast_in_row_BIN_Medium'})"
0.251,"frozenset({'steel_weight, tonn_BIN_High', 'temperature_measurement1, Celsius deg._BIN_Low', 'cast_in_row_BIN_Medium'})"
0.251,"frozenset({'cast_in_row_BIN_Medium', 'steel_weight, tonn_BIN_High', 'temperature_measurement2, Celsius deg._BIN_Low'})"
0.3598,"frozenset({'resistance, tonn_BIN_Low', 'steel_temperature_grab1, Celsius deg._BIN_High', 'cast_in_row_BIN_Medium'})"
0.2682,"frozenset({'swing_frequency, amount/minute_BIN_High', 'steel_temperature_grab1, Celsius deg._BIN_High', 'cast_in_row_BIN_Medium'})"
0.2196,"frozenset({'steel_temperature_grab1, Celsius deg._BIN_High', 'crystallizer_movement, mm_BIN_Low', 'cast_in_row_BIN_Medium'})"
0.3124,"frozenset({'steel_temperature_grab1, Celsius deg._BIN_High', 'alloy_speed, meter/minute_BIN_Medium', 'cast_in_row_BIN_Medium'})"
0.359,"frozenset({'water_consumption, liter/minute_BIN_High', 'steel_temperature_grab1, Celsius deg._BIN_High', 'cast_in_row_BIN_Medium'})"
0.3542,"frozenset({'steel_temperature_grab1, Celsius deg._BIN_High', 'water_temperature_delta, Celsius deg._BIN_High', 'cast_in_row_BIN_Medium'})"
0.3598,"frozenset({'steel_temperature_grab1, Celsius deg._BIN_High', 'temperature_measurement1, Celsius deg._BIN_Low', 'cast_in_row_BIN_Medium'})"
0.3598,"frozenset({'cast_in_row_BIN_Medium', 'steel_temperature_grab1, Celsius deg._BIN_High', 'temperature_measurement2, Celsius deg._BIN_Low'})"
0.1638,"frozenset({'steel_temperature_grab1, Celsius deg._BIN_High', 'num_crystallizer_BIN_Medium', 'cast_in_row_BIN_Medium'})"
0.2682,"frozenset({'resistance, tonn_BIN_Low', 'cast_in_row_BIN_Medium', 'swing_frequency, amount/minute_BIN_High'})"
0.2196,"frozenset({'resistance, tonn_BIN_Low', 'crystallizer_movement, mm_BIN_Low', 'cast_in_row_BIN_Medium'})"
0.3124,"frozenset({'resistance, tonn_BIN_Low', 'alloy_speed, meter/minute_BIN_Medium', 'cast_in_row_BIN_Medium'})"
0.359,"frozenset({'resistance, tonn_BIN_Low', 'cast_in_row_BIN_Medium', 'water_consumption, liter/minute_BIN_High'})"
0.3542,"frozenset({'resistance, tonn_BIN_Low', 'water_temperature_delta, Celsius deg._BIN_High', 'cast_in_row_BIN_Medium'})"
0.3598,"frozenset({'resistance, tonn_BIN_Low', 'temperature_measurement1, Celsius deg._BIN_Low', 'cast_in_row_BIN_Medium'})"
0.3598,"frozenset({'resistance, tonn_BIN_Low', 'temperature_measurement2, Celsius deg._BIN_Low', 'cast_in_row_BIN_Medium'})"
0.1638,"frozenset({'resistance, tonn_BIN_Low', 'num_crystallizer_BIN_Medium', 'cast_in_row_BIN_Medium'})"
0.1742,"frozenset({'swing_frequency, amount/minute_BIN_High', 'crystallizer_movement, mm_BIN_Low', 'cast_in_row_BIN_Medium'})"
0.2672,"frozenset({'swing_frequency, amount/minute_BIN_High', 'alloy_speed, meter/minute_BIN_Medium', 'cast_in_row_BIN_Medium'})"
0.268,"frozenset({'swing_frequency, amount/minute_BIN_High', 'cast_in_row_BIN_Medium', 'water_consumption, liter/minute_BIN_High'})"
0.2682,"frozenset({'swing_frequency, amount/minute_BIN_High', 'water_temperature_delta, Celsius deg._BIN_High', 'cast_in_row_BIN_Medium'})"
0.2682,"frozenset({'swing_frequency, amount/minute_BIN_High', 'temperature_measurement1, Celsius deg._BIN_Low', 'cast_in_row_BIN_Medium'})"
0.2682,"frozenset({'swing_frequency, amount/minute_BIN_High', 'temperature_measurement2, Celsius deg._BIN_Low', 'cast_in_row_BIN_Medium'})"
0.215,"frozenset({'alloy_speed, meter/minute_BIN_Medium', 'crystallizer_movement, mm_BIN_Low', 'cast_in_row_BIN_Medium'})"
0.219,"frozenset({'water_consumption, liter/minute_BIN_High', 'crystallizer_movement, mm_BIN_Low', 'cast_in_row_BIN_Medium'})"
0.2178,"frozenset({'water_temperature_delta, Celsius deg._BIN_High', 'crystallizer_movement, mm_BIN_Low', 'cast_in_row_BIN_Medium'})"
0.2196,"frozenset({'temperature_measurement1, Celsius deg._BIN_Low', 'cast_in_row_BIN_Medium', 'crystallizer_movement, mm_BIN_Low'})"
0.2196,"frozenset({'cast_in_row_BIN_Medium', 'crystallizer_movement, mm_BIN_Low', 'temperature_measurement2, Celsius deg._BIN_Low'})"
0.3116,"frozenset({'water_consumption, liter/minute_BIN_High', 'alloy_speed, meter/minute_BIN_Medium', 'cast_in_row_BIN_Medium'})"
0.3082,"frozenset({'water_temperature_delta, Celsius deg._BIN_High', 'alloy_speed, meter/minute_BIN_Medium', 'cast_in_row_BIN_Medium'})"
0.3124,"frozenset({'alloy_speed, meter/minute_BIN_Medium', 'temperature_measurement1, Celsius deg._BIN_Low', 'cast_in_row_BIN_Medium'})"
0.3124,"frozenset({'temperature_measurement2, Celsius deg._BIN_Low', 'alloy_speed, meter/minute_BIN_Medium', 'cast_in_row_BIN_Medium'})"
0.152,"frozenset({'num_crystallizer_BIN_Medium', 'alloy_speed, meter/minute_BIN_Medium', 'cast_in_row_BIN_Medium'})"
0.354,"frozenset({'water_consumption, liter/minute_BIN_High', 'water_temperature_delta, Celsius deg._BIN_High', 'cast_in_row_BIN_Medium'})"
0.359,"frozenset({'water_consumption, liter/minute_BIN_High', 'temperature_measurement1, Celsius deg._BIN_Low', 'cast_in_row_BIN_Medium'})"
0.359,"frozenset({'cast_in_row_BIN_Medium', 'temperature_measurement2, Celsius deg._BIN_Low', 'water_consumption, liter/minute_BIN_High'})"
0.1636,"frozenset({'water_consumption, liter/minute_BIN_High', 'num_crystallizer_BIN_Medium', 'cast_in_row_BIN_Medium'})"
0.3542,"frozenset({'water_temperature_delta, Celsius deg._BIN_High', 'temperature_measurement1, Celsius deg._BIN_Low', 'cast_in_row_BIN_Medium'})"
0.3542,"frozenset({'cast_in_row_BIN_Medium', 'water_temperature_delta, Celsius deg._BIN_High', 'temperature_measurement2, Celsius deg._BIN_Low'})"
0.1606,"frozenset({'num_crystallizer_BIN_Medium', 'water_temperature_delta, Celsius deg._BIN_High', 'cast_in_row_BIN_Medium'})"
0.3598,"frozenset({'cast_in_row_BIN_Medium', 'temperature_measurement1, Celsius deg._BIN_Low', 'temperature_measurement2, Celsius deg._BIN_Low'})"
0.1638,"frozenset({'num_crystallizer_BIN_Medium', 'temperature_measurement1, Celsius deg._BIN_Low', 'cast_in_row_BIN_Medium'})"
0.1638,"frozenset({'cast_in_row_BIN_Medium', 'num_crystallizer_BIN_Medium', 'temperature_measurement2, Celsius deg._BIN_Low'})"
0.6878,"frozenset({'resistance, tonn_BIN_Low', 'steel_temperature_grab1, Celsius deg._BIN_High', 'steel_weight, tonn_BIN_High'})"
0.4886,"frozenset({'swing_frequency, amount/minute_BIN_High', 'steel_temperature_grab1, Celsius deg._BIN_High', 'steel_weight, tonn_BIN_High'})"
0.2376,"frozenset({'steel_temperature_grab1, Celsius deg._BIN_High', 'steel_weight, tonn_BIN_High', 'crystallizer_movement, mm_BIN_High'})"
0.4306,"frozenset({'steel_temperature_grab1, Celsius deg._BIN_High', 'steel_weight, tonn_BIN_High', 'crystallizer_movement, mm_BIN_Low'})"
0.5978,"frozenset({'steel_temperature_grab1, Celsius deg._BIN_High', 'steel_weight, tonn_BIN_High', 'alloy_speed, meter/minute_BIN_Medium'})"
0.6878,"frozenset({'water_consumption, liter/minute_BIN_High', 'steel_temperature_grab1, Celsius deg._BIN_High', 'steel_weight, tonn_BIN_High'})"
0.6744,"frozenset({'steel_temperature_grab1, Celsius deg._BIN_High', 'water_temperature_delta, Celsius deg._BIN_High', 'steel_weight, tonn_BIN_High'})"
0.6878,"frozenset({'steel_temperature_grab1, Celsius deg._BIN_High', 'steel_weight, tonn_BIN_High', 'temperature_measurement1, Celsius deg._BIN_Low'})"
0.6878,"frozenset({'steel_temperature_grab1, Celsius deg._BIN_High', 'steel_weight, tonn_BIN_High', 'temperature_measurement2, Celsius deg._BIN_Low'})"
0.1858,"frozenset({'steel_temperature_grab1, Celsius deg._BIN_High', 'steel_weight, tonn_BIN_High', 'num_crystallizer_BIN_High'})"
0.183,"frozenset({'steel_temperature_grab1, Celsius deg._BIN_High', 'steel_weight, tonn_BIN_High', 'num_crystallizer_BIN_Low'})"
0.319,"frozenset({'steel_temperature_grab1, Celsius deg._BIN_High', 'num_crystallizer_BIN_Medium', 'steel_weight, tonn_BIN_High'})"
0.2314,"frozenset({'num_stream_BIN_High', 'steel_weight, tonn_BIN_High', 'steel_temperature_grab1, Celsius deg._BIN_High'})"
0.2216,"frozenset({'num_stream_BIN_Low', 'steel_temperature_grab1, Celsius deg._BIN_High', 'steel_weight, tonn_BIN_High'})"
0.2348,"frozenset({'steel_temperature_grab1, Celsius deg._BIN_High', 'steel_weight, tonn_BIN_High', 'num_stream_BIN_Medium'})"
0.489,"frozenset({'resistance, tonn_BIN_Low', 'steel_weight, tonn_BIN_High', 'swing_frequency, amount/minute_BIN_High'})"
0.238,"frozenset({'resistance, tonn_BIN_Low', 'steel_weight, tonn_BIN_High', 'crystallizer_movement, mm_BIN_High'})"
0.4306,"frozenset({'resistance, tonn_BIN_Low', 'steel_weight, tonn_BIN_High', 'crystallizer_movement, mm_BIN_Low'})"
0.5982,"frozenset({'resistance, tonn_BIN_Low', 'steel_weight, tonn_BIN_High', 'alloy_speed, meter/minute_BIN_Medium'})"
0.6882,"frozenset({'resistance, tonn_BIN_Low', 'steel_weight, tonn_BIN_High', 'water_consumption, liter/minute_BIN_High'})"
0.6748,"frozenset({'resistance, tonn_BIN_Low', 'water_temperature_delta, Celsius deg._BIN_High', 'steel_weight, tonn_BIN_High'})"
0.6882,"frozenset({'resistance, tonn_BIN_Low', 'steel_weight, tonn_BIN_High', 'temperature_measurement1, Celsius deg._BIN_Low'})"
0.6882,"frozenset({'resistance, tonn_BIN_Low', 'steel_weight, tonn_BIN_High', 'temperature_measurement2, Celsius deg._BIN_Low'})"
0.1858,"frozenset({'resistance, tonn_BIN_Low', 'steel_weight, tonn_BIN_High', 'num_crystallizer_BIN_High'})"
0.183,"frozenset({'resistance, tonn_BIN_Low', 'steel_weight, tonn_BIN_High', 'num_crystallizer_BIN_Low'})"
0.3194,"frozenset({'resistance, tonn_BIN_Low', 'num_crystallizer_BIN_Medium', 'steel_weight, tonn_BIN_High'})"
0.2314,"frozenset({'resistance, tonn_BIN_Low', 'num_stream_BIN_High', 'steel_weight, tonn_BIN_High'})"
0.2218,"frozenset({'resistance, tonn_BIN_Low', 'num_stream_BIN_Low', 'steel_weight, tonn_BIN_High'})"
0.235,"frozenset({'resistance, tonn_BIN_Low', 'steel_weight, tonn_BIN_High', 'num_stream_BIN_Medium'})"
0.1604,"frozenset({'swing_frequency, amount/minute_BIN_High', 'steel_weight, tonn_BIN_High', 'crystallizer_movement, mm_BIN_High'})"
0.3272,"frozenset({'swing_frequency, amount/minute_BIN_High', 'steel_weight, tonn_BIN_High', 'crystallizer_movement, mm_BIN_Low'})"
0.4886,"frozenset({'swing_frequency, amount/minute_BIN_High', 'steel_weight, tonn_BIN_High', 'alloy_speed, meter/minute_BIN_Medium'})"
0.489,"frozenset({'swing_frequency, amount/minute_BIN_High', 'steel_weight, tonn_BIN_High', 'water_consumption, liter/minute_BIN_High'})"
0.4884,"frozenset({'swing_frequency, amount/minute_BIN_High', 'water_temperature_delta, Celsius deg._BIN_High', 'steel_weight, tonn_BIN_High'})"
0.489,"frozenset({'swing_frequency, amount/minute_BIN_High', 'steel_weight, tonn_BIN_High', 'temperature_measurement1, Celsius deg._BIN_Low'})"
0.489,"frozenset({'swing_frequency, amount/minute_BIN_High', 'steel_weight, tonn_BIN_High', 'temperature_measurement2, Celsius deg._BIN_Low'})"
0.2464,"frozenset({'swing_frequency, amount/minute_BIN_High', 'num_crystallizer_BIN_Medium', 'steel_weight, tonn_BIN_High'})"
0.171,"frozenset({'swing_frequency, amount/minute_BIN_High', 'num_stream_BIN_High', 'steel_weight, tonn_BIN_High'})"
0.1596,"frozenset({'swing_frequency, amount/minute_BIN_High', 'num_stream_BIN_Low', 'steel_weight, tonn_BIN_High'})"
0.1584,"frozenset({'swing_frequency, amount/minute_BIN_High', 'steel_weight, tonn_BIN_High', 'num_stream_BIN_Medium'})"
0.1702,"frozenset({'steel_weight, tonn_BIN_High', 'alloy_speed, meter/minute_BIN_Medium', 'crystallizer_movement, mm_BIN_High'})"
0.238,"frozenset({'water_consumption, liter/minute_BIN_High', 'steel_weight, tonn_BIN_High', 'crystallizer_movement, mm_BIN_High'})"
0.2366,"frozenset({'water_temperature_delta, Celsius deg._BIN_High', 'steel_weight, tonn_BIN_High', 'crystallizer_movement, mm_BIN_High'})"
0.238,"frozenset({'crystallizer_movement, mm_BIN_High', 'steel_weight, tonn_BIN_High', 'temperature_measurement1, Celsius deg._BIN_Low'})"
0.238,"frozenset({'steel_weight, tonn_BIN_High', 'crystallizer_movement, mm_BIN_High', 'temperature_measurement2, Celsius deg._BIN_Low'})"
0.4264,"frozenset({'steel_weight, tonn_BIN_High', 'alloy_speed, meter/minute_BIN_Medium', 'crystallizer_movement, mm_BIN_Low'})"
0.4306,"frozenset({'water_consumption, liter/minute_BIN_High', 'steel_weight, tonn_BIN_High', 'crystallizer_movement, mm_BIN_Low'})"
0.4198,"frozenset({'water_temperature_delta, Celsius deg._BIN_High', 'steel_weight, tonn_BIN_High', 'crystallizer_movement, mm_BIN_Low'})"
0.4306,"frozenset({'steel_weight, tonn_BIN_High', 'temperature_measurement1, Celsius deg._BIN_Low', 'crystallizer_movement, mm_BIN_Low'})"
0.4306,"frozenset({'steel_weight, tonn_BIN_High', 'crystallizer_movement, mm_BIN_Low', 'temperature_measurement2, Celsius deg._BIN_Low'})"
0.21,"frozenset({'num_crystallizer_BIN_Medium', 'steel_weight, tonn_BIN_High', 'crystallizer_movement, mm_BIN_Low'})"
0.5982,"frozenset({'water_consumption, liter/minute_BIN_High', 'steel_weight, tonn_BIN_High', 'alloy_speed, meter/minute_BIN_Medium'})"
0.5874,"frozenset({'steel_weight, tonn_BIN_High', 'alloy_speed, meter/minute_BIN_Medium', 'water_temperature_delta, Celsius deg._BIN_High'})"
0.5982,"frozenset({'steel_weight, tonn_BIN_High', 'alloy_speed, meter/minute_BIN_Medium', 'temperature_measurement1, Celsius deg._BIN_Low'})"
0.5982,"frozenset({'steel_weight, tonn_BIN_High', 'alloy_speed, meter/minute_BIN_Medium', 'temperature_measurement2, Celsius deg._BIN_Low'})"
0.156,"frozenset({'steel_weight, tonn_BIN_High', 'alloy_speed, meter/minute_BIN_Medium', 'num_crystallizer_BIN_High'})"
0.2986,"frozenset({'num_crystallizer_BIN_Medium', 'steel_weight, tonn_BIN_High', 'alloy_speed, meter/minute_BIN_Medium'})"
0.2038,"frozenset({'num_stream_BIN_High', 'steel_weight, tonn_BIN_High', 'alloy_speed, meter/minute_BIN_Medium'})"
0.195,"frozenset({'num_stream_BIN_Low', 'steel_weight, tonn_BIN_High', 'alloy_speed, meter/minute_BIN_Medium'})"
0.1994,"frozenset({'steel_weight, tonn_BIN_High', 'alloy_speed, meter/minute_BIN_Medium', 'num_stream_BIN_Medium'})"
0.6748,"frozenset({'water_consumption, liter/minute_BIN_High', 'water_temperature_delta, Celsius deg._BIN_High', 'steel_weight, tonn_BIN_High'})"
0.6882,"frozenset({'water_consumption, liter/minute_BIN_High', 'steel_weight, tonn_BIN_High', 'temperature_measurement1, Celsius deg._BIN_Low'})"
0.6882,"frozenset({'water_consumption, liter/minute_BIN_High', 'steel_weight, tonn_BIN_High', 'temperature_measurement2, Celsius deg._BIN_Low'})"
0.1858,"frozenset({'water_consumption, liter/minute_BIN_High', 'steel_weight, tonn_BIN_High', 'num_crystallizer_BIN_High'})"
0.183,"frozenset({'water_consumption, liter/minute_BIN_High', 'steel_weight, tonn_BIN_High', 'num_crystallizer_BIN_Low'})"
0.3194,"frozenset({'water_consumption, liter/minute_BIN_High', 'num_crystallizer_BIN_Medium', 'steel_weight, tonn_BIN_High'})"
0.2314,"frozenset({'water_consumption, liter/minute_BIN_High', 'num_stream_BIN_High', 'steel_weight, tonn_BIN_High'})"
0.2218,"frozenset({'water_consumption, liter/minute_BIN_High', 'num_stream_BIN_Low', 'steel_weight, tonn_BIN_High'})"
0.235,"frozenset({'water_consumption, liter/minute_BIN_High', 'steel_weight, tonn_BIN_High', 'num_stream_BIN_Medium'})"
0.6748,"frozenset({'water_temperature_delta, Celsius deg._BIN_High', 'steel_weight, tonn_BIN_High', 'temperature_measurement1, Celsius deg._BIN_Low'})"
0.6748,"frozenset({'water_temperature_delta, Celsius deg._BIN_High', 'steel_weight, tonn_BIN_High', 'temperature_measurement2, Celsius deg._BIN_Low'})"
0.1822,"frozenset({'water_temperature_delta, Celsius deg._BIN_High', 'steel_weight, tonn_BIN_High', 'num_crystallizer_BIN_High'})"
0.179,"frozenset({'steel_weight, tonn_BIN_High', 'num_crystallizer_BIN_Low', 'water_temperature_delta, Celsius deg._BIN_High'})"
0.3136,"frozenset({'num_crystallizer_BIN_Medium', 'steel_weight, tonn_BIN_High', 'water_temperature_delta, Celsius deg._BIN_High'})"
0.227,"frozenset({'steel_weight, tonn_BIN_High', 'num_stream_BIN_High', 'water_temperature_delta, Celsius deg._BIN_High'})"
0.2174,"frozenset({'num_stream_BIN_Low', 'water_temperature_delta, Celsius deg._BIN_High', 'steel_weight, tonn_BIN_High'})"
0.2304,"frozenset({'water_temperature_delta, Celsius deg._BIN_High', 'steel_weight, tonn_BIN_High', 'num_stream_BIN_Medium'})"
0.6882,"frozenset({'steel_weight, tonn_BIN_High', 'temperature_measurement1, Celsius deg._BIN_Low', 'temperature_measurement2, Celsius deg._BIN_Low'})"
0.1858,"frozenset({'num_crystallizer_BIN_High', 'steel_weight, tonn_BIN_High', 'temperature_measurement1, Celsius deg._BIN_Low'})"
0.183,"frozenset({'steel_weight, tonn_BIN_High', 'num_crystallizer_BIN_Low', 'temperature_measurement1, Celsius deg._BIN_Low'})"
0.3194,"frozenset({'num_crystallizer_BIN_Medium', 'steel_weight, tonn_BIN_High', 'temperature_measurement1, Celsius deg._BIN_Low'})"
0.2314,"frozenset({'num_stream_BIN_High', 'steel_weight, tonn_BIN_High', 'temperature_measurement1, Celsius deg._BIN_Low'})"
0.2218,"frozenset({'num_stream_BIN_Low', 'steel_weight, tonn_BIN_High', 'temperature_measurement1, Celsius deg._BIN_Low'})"
0.235,"frozenset({'steel_weight, tonn_BIN_High', 'temperature_measurement1, Celsius deg._BIN_Low', 'num_stream_BIN_Medium'})"
0.1858,"frozenset({'steel_weight, tonn_BIN_High', 'num_crystallizer_BIN_High', 'temperature_measurement2, Celsius deg._BIN_Low'})"
0.183,"frozenset({'steel_weight, tonn_BIN_High', 'num_crystallizer_BIN_Low', 'temperature_measurement2, Celsius deg._BIN_Low'})"
0.3194,"frozenset({'num_crystallizer_BIN_Medium', 'steel_weight, tonn_BIN_High', 'temperature_measurement2, Celsius deg._BIN_Low'})"
0.2314,"frozenset({'num_stream_BIN_High', 'steel_weight, tonn_BIN_High', 'temperature_measurement2, Celsius deg._BIN_Low'})"
0.2218,"frozenset({'num_stream_BIN_Low', 'steel_weight, tonn_BIN_High', 'temperature_measurement2, Celsius deg._BIN_Low'})"
0.235,"frozenset({'steel_weight, tonn_BIN_High', 'temperature_measurement2, Celsius deg._BIN_Low', 'num_stream_BIN_Medium'})"
0.311,"frozenset({'resistance, tonn_BIN_Low', 'steel_temperature_grab1, Celsius deg._BIN_High', 'steel_weight, tonn_BIN_Medium'})"
0.2452,"frozenset({'swing_frequency, amount/minute_BIN_High', 'steel_temperature_grab1, Celsius deg._BIN_High', 'steel_weight, tonn_BIN_Medium'})"
0.202,"frozenset({'steel_temperature_grab1, Celsius deg._BIN_High', 'crystallizer_movement, mm_BIN_Low', 'steel_weight, tonn_BIN_Medium'})"
0.2838,"frozenset({'steel_temperature_grab1, Celsius deg._BIN_High', 'alloy_speed, meter/minute_BIN_Medium', 'steel_weight, tonn_BIN_Medium'})"
0.3102,"frozenset({'water_consumption, liter/minute_BIN_High', 'steel_temperature_grab1, Celsius deg._BIN_High', 'steel_weight, tonn_BIN_Medium'})"
0.3002,"frozenset({'steel_temperature_grab1, Celsius deg._BIN_High', 'water_temperature_delta, Celsius deg._BIN_High', 'steel_weight, tonn_BIN_Medium'})"
0.311,"frozenset({'steel_temperature_grab1, Celsius deg._BIN_High', 'temperature_measurement1, Celsius deg._BIN_Low', 'steel_weight, tonn_BIN_Medium'})"
0.311,"frozenset({'steel_temperature_grab1, Celsius deg._BIN_High', 'temperature_measurement2, Celsius deg._BIN_Low', 'steel_weight, tonn_BIN_Medium'})"
0.2452,"frozenset({'resistance, tonn_BIN_Low', 'steel_weight, tonn_BIN_Medium', 'swing_frequency, amount/minute_BIN_High'})"
0.202,"frozenset({'resistance, tonn_BIN_Low', 'crystallizer_movement, mm_BIN_Low', 'steel_weight, tonn_BIN_Medium'})"
0.2838,"frozenset({'resistance, tonn_BIN_Low', 'alloy_speed, meter/minute_BIN_Medium', 'steel_weight, tonn_BIN_Medium'})"
0.3102,"frozenset({'resistance, tonn_BIN_Low', 'steel_weight, tonn_BIN_Medium', 'water_consumption, liter/minute_BIN_High'})"
0.3002,"frozenset({'resistance, tonn_BIN_Low', 'water_temperature_delta, Celsius deg._BIN_High', 'steel_weight, tonn_BIN_Medium'})"
0.311,"frozenset({'resistance, tonn_BIN_Low', 'temperature_measurement1, Celsius deg._BIN_Low', 'steel_weight, tonn_BIN_Medium'})"
0.311,"frozenset({'resistance, tonn_BIN_Low', 'temperature_measurement2, Celsius deg._BIN_Low', 'steel_weight, tonn_BIN_Medium'})"
0.1662,"frozenset({'swing_frequency, amount/minute_BIN_High', 'crystallizer_movement, mm_BIN_Low', 'steel_weight, tonn_BIN_Medium'})"
0.2446,"frozenset({'swing_frequency, amount/minute_BIN_High', 'alloy_speed, meter/minute_BIN_Medium', 'steel_weight, tonn_BIN_Medium'})"
0.245,"frozenset({'swing_frequency, amount/minute_BIN_High', 'steel_weight, tonn_BIN_Medium', 'water_consumption, liter/minute_BIN_High'})"
0.2452,"frozenset({'swing_frequency, amount/minute_BIN_High', 'water_temperature_delta, Celsius deg._BIN_High', 'steel_weight, tonn_BIN_Medium'})"
0.2452,"frozenset({'swing_frequency, amount/minute_BIN_High', 'temperature_measurement1, Celsius deg._BIN_Low', 'steel_weight, tonn_BIN_Medium'})"
0.2452,"frozenset({'swing_frequency, amount/minute_BIN_High', 'temperature_measurement2, Celsius deg._BIN_Low', 'steel_weight, tonn_BIN_Medium'})"
0.1972,"frozenset({'alloy_speed, meter/minute_BIN_Medium', 'crystallizer_movement, mm_BIN_Low', 'steel_weight, tonn_BIN_Medium'})"
0.2014,"frozenset({'water_consumption, liter/minute_BIN_High', 'crystallizer_movement, mm_BIN_Low', 'steel_weight, tonn_BIN_Medium'})"
0.193,"frozenset({'water_temperature_delta, Celsius deg._BIN_High', 'crystallizer_movement, mm_BIN_Low', 'steel_weight, tonn_BIN_Medium'})"
0.202,"frozenset({'temperature_measurement1, Celsius deg._BIN_Low', 'crystallizer_movement, mm_BIN_Low', 'steel_weight, tonn_BIN_Medium'})"
0.202,"frozenset({'crystallizer_movement, mm_BIN_Low', 'temperature_measurement2, Celsius deg._BIN_Low', 'steel_weight, tonn_BIN_Medium'})"
0.283,"frozenset({'water_consumption, liter/minute_BIN_High', 'alloy_speed, meter/minute_BIN_Medium', 'steel_weight, tonn_BIN_Medium'})"
0.2764,"frozenset({'water_temperature_delta, Celsius deg._BIN_High', 'alloy_speed, meter/minute_BIN_Medium', 'steel_weight, tonn_BIN_Medium'})"
0.2838,"frozenset({'alloy_speed, meter/minute_BIN_Medium', 'temperature_measurement1, Celsius deg._BIN_Low', 'steel_weight, tonn_BIN_Medium'})"
0.2838,"frozenset({'alloy_speed, meter/minute_BIN_Medium', 'temperature_measurement2, Celsius deg._BIN_Low', 'steel_weight, tonn_BIN_Medium'})"
0.3,"frozenset({'water_consumption, liter/minute_BIN_High', 'water_temperature_delta, Celsius deg._BIN_High', 'steel_weight, tonn_BIN_Medium'})"
0.3102,"frozenset({'water_consumption, liter/minute_BIN_High', 'temperature_measurement1, Celsius deg._BIN_Low', 'steel_weight, tonn_BIN_Medium'})"
0.3102,"frozenset({'water_consumption, liter/minute_BIN_High', 'temperature_measurement2, Celsius deg._BIN_Low', 'steel_weight, tonn_BIN_Medium'})"
0.3002,"frozenset({'water_temperature_delta, Celsius deg._BIN_High', 'temperature_measurement1, Celsius deg._BIN_Low', 'steel_weight, tonn_BIN_Medium'})"
0.3002,"frozenset({'water_temperature_delta, Celsius deg._BIN_High', 'temperature_measurement2, Celsius deg._BIN_Low', 'steel_weight, tonn_BIN_Medium'})"
0.311,"frozenset({'temperature_measurement1, Celsius deg._BIN_Low', 'temperature_measurement2, Celsius deg._BIN_Low', 'steel_weight, tonn_BIN_Medium'})"
0.7344,"frozenset({'resistance, tonn_BIN_Low', 'steel_temperature_grab1, Celsius deg._BIN_High', 'swing_frequency, amount/minute_BIN_High'})"
0.1696,"frozenset({'resistance, tonn_BIN_Low', 'steel_temperature_grab1, Celsius deg._BIN_High', 'swing_frequency, amount/minute_BIN_Medium'})"
0.3376,"frozenset({'resistance, tonn_BIN_Low', 'steel_temperature_grab1, Celsius deg._BIN_High', 'crystallizer_movement, mm_BIN_High'})"
0.6334,"frozenset({'resistance, tonn_BIN_Low', 'steel_temperature_grab1, Celsius deg._BIN_High', 'crystallizer_movement, mm_BIN_Low'})"
0.8824,"frozenset({'resistance, tonn_BIN_Low', 'steel_temperature_grab1, Celsius deg._BIN_High', 'alloy_speed, meter/minute_BIN_Medium'})"
0.9988,"frozenset({'resistance, tonn_BIN_Low', 'steel_temperature_grab1, Celsius deg._BIN_High', 'water_consumption, liter/minute_BIN_High'})"
0.9754,"frozenset({'resistance, tonn_BIN_Low', 'steel_temperature_grab1, Celsius deg._BIN_High', 'water_temperature_delta, Celsius deg._BIN_High'})"
0.9996,"frozenset({'resistance, tonn_BIN_Low', 'steel_temperature_grab1, Celsius deg._BIN_High', 'temperature_measurement1, Celsius deg._BIN_Low'})"
0.9996,"frozenset({'resistance, tonn_BIN_Low', 'steel_temperature_grab1, Celsius deg._BIN_High', 'temperature_measurement2, Celsius deg._BIN_Low'})"
0.2722,"frozenset({'resistance, tonn_BIN_Low', 'steel_temperature_grab1, Celsius deg._BIN_High', 'num_crystallizer_BIN_High'})"
0.2656,"frozenset({'resistance, tonn_BIN_Low', 'steel_temperature_grab1, Celsius deg._BIN_High', 'num_crystallizer_BIN_Low'})"
0.4618,"frozenset({'resistance, tonn_BIN_Low', 'steel_temperature_grab1, Celsius deg._BIN_High', 'num_crystallizer_BIN_Medium'})"
0.3368,"frozenset({'resistance, tonn_BIN_Low', 'steel_temperature_grab1, Celsius deg._BIN_High', 'num_stream_BIN_High'})"
0.3284,"frozenset({'resistance, tonn_BIN_Low', 'steel_temperature_grab1, Celsius deg._BIN_High', 'num_stream_BIN_Low'})"
0.3344,"frozenset({'resistance, tonn_BIN_Low', 'steel_temperature_grab1, Celsius deg._BIN_High', 'num_stream_BIN_Medium'})"
0.2386,"frozenset({'swing_frequency, amount/minute_BIN_High', 'steel_temperature_grab1, Celsius deg._BIN_High', 'crystallizer_movement, mm_BIN_High'})"
0.494,"frozenset({'swing_frequency, amount/minute_BIN_High', 'steel_temperature_grab1, Celsius deg._BIN_High', 'crystallizer_movement, mm_BIN_Low'})"
0.7334,"frozenset({'swing_frequency, amount/minute_BIN_High', 'steel_temperature_grab1, Celsius deg._BIN_High', 'alloy_speed, meter/minute_BIN_Medium'})"
0.7342,"frozenset({'swing_frequency, amount/minute_BIN_High', 'steel_temperature_grab1, Celsius deg._BIN_High', 'water_consumption, liter/minute_BIN_High'})"
0.7338,"frozenset({'swing_frequency, amount/minute_BIN_High', 'steel_temperature_grab1, Celsius deg._BIN_High', 'water_temperature_delta, Celsius deg._BIN_High'})"
0.7344,"frozenset({'swing_frequency, amount/minute_BIN_High', 'steel_temperature_grab1, Celsius deg._BIN_High', 'temperature_measurement1, Celsius deg._BIN_Low'})"
0.7344,"frozenset({'swing_frequency, amount/minute_BIN_High', 'steel_temperature_grab1, Celsius deg._BIN_High', 'temperature_measurement2, Celsius deg._BIN_Low'})"
0.2014,"frozenset({'swing_frequency, amount/minute_BIN_High', 'steel_temperature_grab1, Celsius deg._BIN_High', 'num_crystallizer_BIN_High'})"
0.172,"frozenset({'swing_frequency, amount/minute_BIN_High', 'steel_temperature_grab1, Celsius deg._BIN_High', 'num_crystallizer_BIN_Low'})"
0.361,"frozenset({'swing_frequency, amount/minute_BIN_High', 'steel_temperature_grab1, Celsius deg._BIN_High', 'num_crystallizer_BIN_Medium'})"
0.2536,"frozenset({'swing_frequency, amount/minute_BIN_High', 'steel_temperature_grab1, Celsius deg._BIN_High', 'num_stream_BIN_High'})"
0.2446,"frozenset({'swing_frequency, amount/minute_BIN_High', 'steel_temperature_grab1, Celsius deg._BIN_High', 'num_stream_BIN_Low'})"
0.2362,"frozenset({'swing_frequency, amount/minute_BIN_High', 'steel_temperature_grab1, Celsius deg._BIN_High', 'num_stream_BIN_Medium'})"
0.1696,"frozenset({'water_consumption, liter/minute_BIN_High', 'steel_temperature_grab1, Celsius deg._BIN_High', 'swing_frequency, amount/minute_BIN_Medium'})"
0.1696,"frozenset({'steel_temperature_grab1, Celsius deg._BIN_High', 'temperature_measurement1, Celsius deg._BIN_Low', 'swing_frequency, amount/minute_BIN_Medium'})"
0.1696,"frozenset({'swing_frequency, amount/minute_BIN_Medium', 'steel_temperature_grab1, Celsius deg._BIN_High', 'temperature_measurement2, Celsius deg._BIN_Low'})"
0.255,"frozenset({'steel_temperature_grab1, Celsius deg._BIN_High', 'alloy_speed, meter/minute_BIN_Medium', 'crystallizer_movement, mm_BIN_High'})"
0.3374,"frozenset({'water_consumption, liter/minute_BIN_High', 'steel_temperature_grab1, Celsius deg._BIN_High', 'crystallizer_movement, mm_BIN_High'})"
0.3352,"frozenset({'steel_temperature_grab1, Celsius deg._BIN_High', 'water_temperature_delta, Celsius deg._BIN_High', 'crystallizer_movement, mm_BIN_High'})"
0.3376,"frozenset({'steel_temperature_grab1, Celsius deg._BIN_High', 'crystallizer_movement, mm_BIN_High', 'temperature_measurement1, Celsius deg._BIN_Low'})"
0.3376,"frozenset({'steel_temperature_grab1, Celsius deg._BIN_High', 'crystallizer_movement, mm_BIN_High', 'temperature_measurement2, Celsius deg._BIN_Low'})"
0.1532,"frozenset({'steel_temperature_grab1, Celsius deg._BIN_High', 'num_crystallizer_BIN_Medium', 'crystallizer_movement, mm_BIN_High'})"
0.6244,"frozenset({'steel_temperature_grab1, Celsius deg._BIN_High', 'alloy_speed, meter/minute_BIN_Medium', 'crystallizer_movement, mm_BIN_Low'})"
0.6328,"frozenset({'water_consumption, liter/minute_BIN_High', 'steel_temperature_grab1, Celsius deg._BIN_High', 'crystallizer_movement, mm_BIN_Low'})"
0.6136,"frozenset({'steel_temperature_grab1, Celsius deg._BIN_High', 'water_temperature_delta, Celsius deg._BIN_High', 'crystallizer_movement, mm_BIN_Low'})"
0.6334,"frozenset({'steel_temperature_grab1, Celsius deg._BIN_High', 'temperature_measurement1, Celsius deg._BIN_Low', 'crystallizer_movement, mm_BIN_Low'})"
0.6334,"frozenset({'steel_temperature_grab1, Celsius deg._BIN_High', 'crystallizer_movement, mm_BIN_Low', 'temperature_measurement2, Celsius deg._BIN_Low'})"
0.1728,"frozenset({'steel_temperature_grab1, Celsius deg._BIN_High', 'num_crystallizer_BIN_High', 'crystallizer_movement, mm_BIN_Low'})"
0.1608,"frozenset({'steel_temperature_grab1, Celsius deg._BIN_High', 'num_crystallizer_BIN_Low', 'crystallizer_movement, mm_BIN_Low'})"
0.2998,"frozenset({'steel_temperature_grab1, Celsius deg._BIN_High', 'num_crystallizer_BIN_Medium', 'crystallizer_movement, mm_BIN_Low'})"
0.2158,"frozenset({'steel_temperature_grab1, Celsius deg._BIN_High', 'num_stream_BIN_High', 'crystallizer_movement, mm_BIN_Low'})"
0.2102,"frozenset({'steel_temperature_grab1, Celsius deg._BIN_High', 'num_stream_BIN_Low', 'crystallizer_movement, mm_BIN_Low'})"
0.2074,"frozenset({'steel_temperature_grab1, Celsius deg._BIN_High', 'crystallizer_movement, mm_BIN_Low', 'num_stream_BIN_Medium'})"
0.8816,"frozenset({'water_consumption, liter/minute_BIN_High', 'steel_temperature_grab1, Celsius deg._BIN_High', 'alloy_speed, meter/minute_BIN_Medium'})"
0.8642,"frozenset({'steel_temperature_grab1, Celsius deg._BIN_High', 'water_temperature_delta, Celsius deg._BIN_High', 'alloy_speed, meter/minute_BIN_Medium'})"
0.8824,"frozenset({'steel_temperature_grab1, Celsius deg._BIN_High', 'alloy_speed, meter/minute_BIN_Medium', 'temperature_measurement1, Celsius deg._BIN_Low'})"
0.8824,"frozenset({'steel_temperature_grab1, Celsius deg._BIN_High', 'alloy_speed, meter/minute_BIN_Medium', 'temperature_measurement2, Celsius deg._BIN_Low'})"
0.235,"frozenset({'steel_temperature_grab1, Celsius deg._BIN_High', 'alloy_speed, meter/minute_BIN_Medium', 'num_crystallizer_BIN_High'})"
0.216,"frozenset({'steel_temperature_grab1, Celsius deg._BIN_High', 'alloy_speed, meter/minute_BIN_Medium', 'num_crystallizer_BIN_Low'})"
0.4314,"frozenset({'steel_temperature_grab1, Celsius deg._BIN_High', 'num_crystallizer_BIN_Medium', 'alloy_speed, meter/minute_BIN_Medium'})"
0.301,"frozenset({'num_stream_BIN_High', 'alloy_speed, meter/minute_BIN_Medium', 'steel_temperature_grab1, Celsius deg._BIN_High'})"
0.2928,"frozenset({'num_stream_BIN_Low', 'steel_temperature_grab1, Celsius deg._BIN_High', 'alloy_speed, meter/minute_BIN_Medium'})"
0.2886,"frozenset({'steel_temperature_grab1, Celsius deg._BIN_High', 'alloy_speed, meter/minute_BIN_Medium', 'num_stream_BIN_Medium'})"
0.9752,"frozenset({'water_consumption, liter/minute_BIN_High', 'steel_temperature_grab1, Celsius deg._BIN_High', 'water_temperature_delta, Celsius deg._BIN_High'})"
0.9988,"frozenset({'water_consumption, liter/minute_BIN_High', 'steel_temperature_grab1, Celsius deg._BIN_High', 'temperature_measurement1, Celsius deg._BIN_Low'})"
0.9988,"frozenset({'water_consumption, liter/minute_BIN_High', 'steel_temperature_grab1, Celsius deg._BIN_High', 'temperature_measurement2, Celsius deg._BIN_Low'})"
0.2716,"frozenset({'water_consumption, liter/minute_BIN_High', 'steel_temperature_grab1, Celsius deg._BIN_High', 'num_crystallizer_BIN_High'})"
0.2656,"frozenset({'water_consumption, liter/minute_BIN_High', 'steel_temperature_grab1, Celsius deg._BIN_High', 'num_crystallizer_BIN_Low'})"
0.4616,"frozenset({'water_consumption, liter/minute_BIN_High', 'steel_temperature_grab1, Celsius deg._BIN_High', 'num_crystallizer_BIN_Medium'})"
0.3362,"frozenset({'water_consumption, liter/minute_BIN_High', 'steel_temperature_grab1, Celsius deg._BIN_High', 'num_stream_BIN_High'})"
0.3282,"frozenset({'water_consumption, liter/minute_BIN_High', 'steel_temperature_grab1, Celsius deg._BIN_High', 'num_stream_BIN_Low'})"
0.3344,"frozenset({'water_consumption, liter/minute_BIN_High', 'steel_temperature_grab1, Celsius deg._BIN_High', 'num_stream_BIN_Medium'})"
0.9754,"frozenset({'steel_temperature_grab1, Celsius deg._BIN_High', 'water_temperature_delta, Celsius deg._BIN_High', 'temperature_measurement1, Celsius deg._BIN_Low'})"
0.9754,"frozenset({'steel_temperature_grab1, Celsius deg._BIN_High', 'water_temperature_delta, Celsius deg._BIN_High', 'temperature_measurement2, Celsius deg._BIN_Low'})"
0.2662,"frozenset({'steel_temperature_grab1, Celsius deg._BIN_High', 'water_temperature_delta, Celsius deg._BIN_High', 'num_crystallizer_BIN_High'})"
0.2588,"frozenset({'steel_temperature_grab1, Celsius deg._BIN_High', 'water_temperature_delta, Celsius deg._BIN_High', 'num_crystallizer_BIN_Low'})"
0.4504,"frozenset({'steel_temperature_grab1, Celsius deg._BIN_High', 'num_crystallizer_BIN_Medium', 'water_temperature_delta, Celsius deg._BIN_High'})"
0.3278,"frozenset({'steel_temperature_grab1, Celsius deg._BIN_High', 'water_temperature_delta, Celsius deg._BIN_High', 'num_stream_BIN_High'})"
0.3212,"frozenset({'steel_temperature_grab1, Celsius deg._BIN_High', 'water_temperature_delta, Celsius deg._BIN_High', 'num_stream_BIN_Low'})"
0.3264,"frozenset({'steel_temperature_grab1, Celsius deg._BIN_High', 'water_temperature_delta, Celsius deg._BIN_High', 'num_stream_BIN_Medium'})"
0.9996,"frozenset({'steel_temperature_grab1, Celsius deg._BIN_High', 'temperature_measurement1, Celsius deg._BIN_Low', 'temperature_measurement2, Celsius deg._BIN_Low'})"
0.2722,"frozenset({'num_crystallizer_BIN_High', 'temperature_measurement1, Celsius deg._BIN_Low', 'steel_temperature_grab1, Celsius deg._BIN_High'})"
0.2656,"frozenset({'steel_temperature_grab1, Celsius deg._BIN_High', 'num_crystallizer_BIN_Low', 'temperature_measurement1, Celsius deg._BIN_Low'})"
0.4618,"frozenset({'steel_temperature_grab1, Celsius deg._BIN_High', 'num_crystallizer_BIN_Medium', 'temperature_measurement1, Celsius deg._BIN_Low'})"
0.3368,"frozenset({'steel_temperature_grab1, Celsius deg._BIN_High', 'num_stream_BIN_High', 'temperature_measurement1, Celsius deg._BIN_Low'})"
0.3284,"frozenset({'steel_temperature_grab1, Celsius deg._BIN_High', 'num_stream_BIN_Low', 'temperature_measurement1, Celsius deg._BIN_Low'})"
0.3344,"frozenset({'steel_temperature_grab1, Celsius deg._BIN_High', 'temperature_measurement1, Celsius deg._BIN_Low', 'num_stream_BIN_Medium'})"
0.2722,"frozenset({'steel_temperature_grab1, Celsius deg._BIN_High', 'num_crystallizer_BIN_High', 'temperature_measurement2, Celsius deg._BIN_Low'})"
0.2656,"frozenset({'steel_temperature_grab1, Celsius deg._BIN_High', 'num_crystallizer_BIN_Low', 'temperature_measurement2, Celsius deg._BIN_Low'})"
0.4618,"frozenset({'steel_temperature_grab1, Celsius deg._BIN_High', 'num_crystallizer_BIN_Medium', 'temperature_measurement2, Celsius deg._BIN_Low'})"
0.3368,"frozenset({'steel_temperature_grab1, Celsius deg._BIN_High', 'num_stream_BIN_High', 'temperature_measurement2, Celsius deg._BIN_Low'})"
0.3284,"frozenset({'steel_temperature_grab1, Celsius deg._BIN_High', 'num_stream_BIN_Low', 'temperature_measurement2, Celsius deg._BIN_Low'})"
0.3344,"frozenset({'steel_temperature_grab1, Celsius deg._BIN_High', 'temperature_measurement2, Celsius deg._BIN_Low', 'num_stream_BIN_Medium'})"
0.1986,"frozenset({'steel_temperature_grab1, Celsius deg._BIN_High', 'num_crystallizer_BIN_Medium', 'num_stream_BIN_Medium'})"
0.239,"frozenset({'resistance, tonn_BIN_Low', 'crystallizer_movement, mm_BIN_High', 'swing_frequency, amount/minute_BIN_High'})"
0.494,"frozenset({'resistance, tonn_BIN_Low', 'crystallizer_movement, mm_BIN_Low', 'swing_frequency, amount/minute_BIN_High'})"
0.7338,"frozenset({'resistance, tonn_BIN_Low', 'alloy_speed, meter/minute_BIN_Medium', 'swing_frequency, amount/minute_BIN_High'})"
0.7346,"frozenset({'resistance, tonn_BIN_Low', 'swing_frequency, amount/minute_BIN_High', 'water_consumption, liter/minute_BIN_High'})"
0.7342,"frozenset({'resistance, tonn_BIN_Low', 'water_temperature_delta, Celsius deg._BIN_High', 'swing_frequency, amount/minute_BIN_High'})"
0.7348,"frozenset({'resistance, tonn_BIN_Low', 'temperature_measurement1, Celsius deg._BIN_Low', 'swing_frequency, amount/minute_BIN_High'})"
0.7348,"frozenset({'resistance, tonn_BIN_Low', 'temperature_measurement2, Celsius deg._BIN_Low', 'swing_frequency, amount/minute_BIN_High'})"
0.2014,"frozenset({'resistance, tonn_BIN_Low', 'num_crystallizer_BIN_High', 'swing_frequency, amount/minute_BIN_High'})"
0.172,"frozenset({'resistance, tonn_BIN_Low', 'num_crystallizer_BIN_Low', 'swing_frequency, amount/minute_BIN_High'})"
0.3614,"frozenset({'resistance, tonn_BIN_Low', 'num_crystallizer_BIN_Medium', 'swing_frequency, amount/minute_BIN_High'})"
0.2536,"frozenset({'resistance, tonn_BIN_Low', 'num_stream_BIN_High', 'swing_frequency, amount/minute_BIN_High'})"
0.2448,"frozenset({'resistance, tonn_BIN_Low', 'num_stream_BIN_Low', 'swing_frequency, amount/minute_BIN_High'})"
0.2364,"frozenset({'resistance, tonn_BIN_Low', 'swing_frequency, amount/minute_BIN_High', 'num_stream_BIN_Medium'})"
0.1696,"frozenset({'resistance, tonn_BIN_Low', 'swing_frequency, amount/minute_BIN_Medium', 'water_consumption, liter/minute_BIN_High'})"
0.1696,"frozenset({'resistance, tonn_BIN_Low', 'temperature_measurement1, Celsius deg._BIN_Low', 'swing_frequency, amount/minute_BIN_Medium'})"
0.1696,"frozenset({'resistance, tonn_BIN_Low', 'swing_frequency, amount/minute_BIN_Medium', 'temperature_measurement2, Celsius deg._BIN_Low'})"
0.2554,"frozenset({'resistance, tonn_BIN_Low', 'alloy_speed, meter/minute_BIN_Medium', 'crystallizer_movement, mm_BIN_High'})"
0.3378,"frozenset({'resistance, tonn_BIN_Low', 'crystallizer_movement, mm_BIN_High', 'water_consumption, liter/minute_BIN_High'})"
0.3356,"frozenset({'resistance, tonn_BIN_Low', 'water_temperature_delta, Celsius deg._BIN_High', 'crystallizer_movement, mm_BIN_High'})"
0.338,"frozenset({'resistance, tonn_BIN_Low', 'crystallizer_movement, mm_BIN_High', 'temperature_measurement1, Celsius deg._BIN_Low'})"
0.338,"frozenset({'resistance, tonn_BIN_Low', 'crystallizer_movement, mm_BIN_High', 'temperature_measurement2, Celsius deg._BIN_Low'})"
0.1536,"frozenset({'resistance, tonn_BIN_Low', 'num_crystallizer_BIN_Medium', 'crystallizer_movement, mm_BIN_High'})"
0.6244,"frozenset({'resistance, tonn_BIN_Low', 'alloy_speed, meter/minute_BIN_Medium', 'crystallizer_movement, mm_BIN_Low'})"
0.6328,"frozenset({'resistance, tonn_BIN_Low', 'crystallizer_movement, mm_BIN_Low', 'water_consumption, liter/minute_BIN_High'})"
0.6136,"frozenset({'resistance, tonn_BIN_Low', 'water_temperature_delta, Celsius deg._BIN_High', 'crystallizer_movement, mm_BIN_Low'})"
0.6334,"frozenset({'resistance, tonn_BIN_Low', 'temperature_measurement1, Celsius deg._BIN_Low', 'crystallizer_movement, mm_BIN_Low'})"
0.6334,"frozenset({'resistance, tonn_BIN_Low', 'crystallizer_movement, mm_BIN_Low', 'temperature_measurement2, Celsius deg._BIN_Low'})"
0.1728,"frozenset({'resistance, tonn_BIN_Low', 'num_crystallizer_BIN_High', 'crystallizer_movement, mm_BIN_Low'})"
0.1608,"frozenset({'resistance, tonn_BIN_Low', 'num_crystallizer_BIN_Low', 'crystallizer_movement, mm_BIN_Low'})"
0.2998,"frozenset({'resistance, tonn_BIN_Low', 'num_crystallizer_BIN_Medium', 'crystallizer_movement, mm_BIN_Low'})"
0.2158,"frozenset({'resistance, tonn_BIN_Low', 'num_stream_BIN_High', 'crystallizer_movement, mm_BIN_Low'})"
0.2102,"frozenset({'resistance, tonn_BIN_Low', 'num_stream_BIN_Low', 'crystallizer_movement, mm_BIN_Low'})"
0.2074,"frozenset({'resistance, tonn_BIN_Low', 'crystallizer_movement, mm_BIN_Low', 'num_stream_BIN_Medium'})"
0.882,"frozenset({'resistance, tonn_BIN_Low', 'alloy_speed, meter/minute_BIN_Medium', 'water_consumption, liter/minute_BIN_High'})"
0.8646,"frozenset({'resistance, tonn_BIN_Low', 'water_temperature_delta, Celsius deg._BIN_High', 'alloy_speed, meter/minute_BIN_Medium'})"
0.8828,"frozenset({'resistance, tonn_BIN_Low', 'alloy_speed, meter/minute_BIN_Medium', 'temperature_measurement1, Celsius deg._BIN_Low'})"
0.8828,"frozenset({'resistance, tonn_BIN_Low', 'alloy_speed, meter/minute_BIN_Medium', 'temperature_measurement2, Celsius deg._BIN_Low'})"
0.235,"frozenset({'resistance, tonn_BIN_Low', 'alloy_speed, meter/minute_BIN_Medium', 'num_crystallizer_BIN_High'})"
0.216,"frozenset({'resistance, tonn_BIN_Low', 'alloy_speed, meter/minute_BIN_Medium', 'num_crystallizer_BIN_Low'})"
0.4318,"frozenset({'resistance, tonn_BIN_Low', 'num_crystallizer_BIN_Medium', 'alloy_speed, meter/minute_BIN_Medium'})"
0.301,"frozenset({'resistance, tonn_BIN_Low', 'num_stream_BIN_High', 'alloy_speed, meter/minute_BIN_Medium'})"
0.293,"frozenset({'resistance, tonn_BIN_Low', 'num_stream_BIN_Low', 'alloy_speed, meter/minute_BIN_Medium'})"
0.2888,"frozenset({'resistance, tonn_BIN_Low', 'alloy_speed, meter/minute_BIN_Medium', 'num_stream_BIN_Medium'})"
0.9756,"frozenset({'resistance, tonn_BIN_Low', 'water_temperature_delta, Celsius deg._BIN_High', 'water_consumption, liter/minute_BIN_High'})"
0.9992,"frozenset({'resistance, tonn_BIN_Low', 'temperature_measurement1, Celsius deg._BIN_Low', 'water_consumption, liter/minute_BIN_High'})"
0.9992,"frozenset({'resistance, tonn_BIN_Low', 'temperature_measurement2, Celsius deg._BIN_Low', 'water_consumption, liter/minute_BIN_High'})"
0.2716,"frozenset({'resistance, tonn_BIN_Low', 'num_crystallizer_BIN_High', 'water_consumption, liter/minute_BIN_High'})"
0.2656,"frozenset({'resistance, tonn_BIN_Low', 'num_crystallizer_BIN_Low', 'water_consumption, liter/minute_BIN_High'})"
0.462,"frozenset({'resistance, tonn_BIN_Low', 'num_crystallizer_BIN_Medium', 'water_consumption, liter/minute_BIN_High'})"
0.3362,"frozenset({'resistance, tonn_BIN_Low', 'num_stream_BIN_High', 'water_consumption, liter/minute_BIN_High'})"
0.3284,"frozenset({'resistance, tonn_BIN_Low', 'num_stream_BIN_Low', 'water_consumption, liter/minute_BIN_High'})"
0.3346,"frozenset({'resistance, tonn_BIN_Low', 'water_consumption, liter/minute_BIN_High', 'num_stream_BIN_Medium'})"
0.9758,"frozenset({'resistance, tonn_BIN_Low', 'water_temperature_delta, Celsius deg._BIN_High', 'temperature_measurement1, Celsius deg._BIN_Low'})"
0.9758,"frozenset({'resistance, tonn_BIN_Low', 'water_temperature_delta, Celsius deg._BIN_High', 'temperature_measurement2, Celsius deg._BIN_Low'})"
0.2662,"frozenset({'resistance, tonn_BIN_Low', 'water_temperature_delta, Celsius deg._BIN_High', 'num_crystallizer_BIN_High'})"
0.2588,"frozenset({'resistance, tonn_BIN_Low', 'water_temperature_delta, Celsius deg._BIN_High', 'num_crystallizer_BIN_Low'})"
0.4508,"frozenset({'resistance, tonn_BIN_Low', 'num_crystallizer_BIN_Medium', 'water_temperature_delta, Celsius deg._BIN_High'})"
0.3278,"frozenset({'resistance, tonn_BIN_Low', 'water_temperature_delta, Celsius deg._BIN_High', 'num_stream_BIN_High'})"
0.3214,"frozenset({'resistance, tonn_BIN_Low', 'water_temperature_delta, Celsius deg._BIN_High', 'num_stream_BIN_Low'})"
0.3266,"frozenset({'resistance, tonn_BIN_Low', 'water_temperature_delta, Celsius deg._BIN_High', 'num_stream_BIN_Medium'})"
1.0,"frozenset({'resistance, tonn_BIN_Low', 'temperature_measurement1, Celsius deg._BIN_Low', 'temperature_measurement2, Celsius deg._BIN_Low'})"
0.2722,"frozenset({'resistance, tonn_BIN_Low', 'num_crystallizer_BIN_High', 'temperature_measurement1, Celsius deg._BIN_Low'})"
0.2656,"frozenset({'resistance, tonn_BIN_Low', 'num_crystallizer_BIN_Low', 'temperature_measurement1, Celsius deg._BIN_Low'})"
0.4622,"frozenset({'resistance, tonn_BIN_Low', 'num_crystallizer_BIN_Medium', 'temperature_measurement1, Celsius deg._BIN_Low'})"
0.3368,"frozenset({'resistance, tonn_BIN_Low', 'num_stream_BIN_High', 'temperature_measurement1, Celsius deg._BIN_Low'})"
0.3286,"frozenset({'resistance, tonn_BIN_Low', 'num_stream_BIN_Low', 'temperature_measurement1, Celsius deg._BIN_Low'})"
0.3346,"frozenset({'resistance, tonn_BIN_Low', 'temperature_measurement1, Celsius deg._BIN_Low', 'num_stream_BIN_Medium'})"
0.2722,"frozenset({'resistance, tonn_BIN_Low', 'num_crystallizer_BIN_High', 'temperature_measurement2, Celsius deg._BIN_Low'})"
0.2656,"frozenset({'resistance, tonn_BIN_Low', 'num_crystallizer_BIN_Low', 'temperature_measurement2, Celsius deg._BIN_Low'})"
0.4622,"frozenset({'resistance, tonn_BIN_Low', 'num_crystallizer_BIN_Medium', 'temperature_measurement2, Celsius deg._BIN_Low'})"
0.3368,"frozenset({'resistance, tonn_BIN_Low', 'num_stream_BIN_High', 'temperature_measurement2, Celsius deg._BIN_Low'})"
0.3286,"frozenset({'resistance, tonn_BIN_Low', 'num_stream_BIN_Low', 'temperature_measurement2, Celsius deg._BIN_Low'})"
0.3346,"frozenset({'resistance, tonn_BIN_Low', 'temperature_measurement2, Celsius deg._BIN_Low', 'num_stream_BIN_Medium'})"
0.1988,"frozenset({'resistance, tonn_BIN_Low', 'num_crystallizer_BIN_Medium', 'num_stream_BIN_Medium'})"
0.239,"frozenset({'swing_frequency, amount/minute_BIN_High', 'alloy_speed, meter/minute_BIN_Medium', 'crystallizer_movement, mm_BIN_High'})"
0.2388,"frozenset({'swing_frequency, amount/minute_BIN_High', 'crystallizer_movement, mm_BIN_High', 'water_consumption, liter/minute_BIN_High'})"
0.239,"frozenset({'swing_frequency, amount/minute_BIN_High', 'water_temperature_delta, Celsius deg._BIN_High', 'crystallizer_movement, mm_BIN_High'})"
0.239,"frozenset({'swing_frequency, amount/minute_BIN_High', 'crystallizer_movement, mm_BIN_High', 'temperature_measurement1, Celsius deg._BIN_Low'})"
0.239,"frozenset({'swing_frequency, amount/minute_BIN_High', 'crystallizer_movement, mm_BIN_High', 'temperature_measurement2, Celsius deg._BIN_Low'})"
0.493,"frozenset({'swing_frequency, amount/minute_BIN_High', 'alloy_speed, meter/minute_BIN_Medium', 'crystallizer_movement, mm_BIN_Low'})"
0.494,"frozenset({'swing_frequency, amount/minute_BIN_High', 'crystallizer_movement, mm_BIN_Low', 'water_consumption, liter/minute_BIN_High'})"
0.4934,"frozenset({'swing_frequency, amount/minute_BIN_High', 'water_temperature_delta, Celsius deg._BIN_High', 'crystallizer_movement, mm_BIN_Low'})"
0.494,"frozenset({'swing_frequency, amount/minute_BIN_High', 'temperature_measurement1, Celsius deg._BIN_Low', 'crystallizer_movement, mm_BIN_Low'})"
0.494,"frozenset({'swing_frequency, amount/minute_BIN_High', 'crystallizer_movement, mm_BIN_Low', 'temperature_measurement2, Celsius deg._BIN_Low'})"
0.2366,"frozenset({'swing_frequency, amount/minute_BIN_High', 'num_crystallizer_BIN_Medium', 'crystallizer_movement, mm_BIN_Low'})"
0.169,"frozenset({'swing_frequency, amount/minute_BIN_High', 'num_stream_BIN_High', 'crystallizer_movement, mm_BIN_Low'})"
0.1668,"frozenset({'swing_frequency, amount/minute_BIN_High', 'num_stream_BIN_Low', 'crystallizer_movement, mm_BIN_Low'})"
0.1582,"frozenset({'swing_frequency, amount/minute_BIN_High', 'crystallizer_movement, mm_BIN_Low', 'num_stream_BIN_Medium'})"
0.7336,"frozenset({'swing_frequency, amount/minute_BIN_High', 'alloy_speed, meter/minute_BIN_Medium', 'water_consumption, liter/minute_BIN_High'})"
0.7332,"frozenset({'swing_frequency, amount/minute_BIN_High', 'water_temperature_delta, Celsius deg._BIN_High', 'alloy_speed, meter/minute_BIN_Medium'})"
0.7338,"frozenset({'swing_frequency, amount/minute_BIN_High', 'alloy_speed, meter/minute_BIN_Medium', 'temperature_measurement1, Celsius deg._BIN_Low'})"
0.7338,"frozenset({'swing_frequency, amount/minute_BIN_High', 'alloy_speed, meter/minute_BIN_Medium', 'temperature_measurement2, Celsius deg._BIN_Low'})"
0.2012,"frozenset({'swing_frequency, amount/minute_BIN_High', 'alloy_speed, meter/minute_BIN_Medium', 'num_crystallizer_BIN_High'})"
0.172,"frozenset({'swing_frequency, amount/minute_BIN_High', 'num_crystallizer_BIN_Low', 'alloy_speed, meter/minute_BIN_Medium'})"
0.3606,"frozenset({'swing_frequency, amount/minute_BIN_High', 'num_crystallizer_BIN_Medium', 'alloy_speed, meter/minute_BIN_Medium'})"
0.2532,"frozenset({'swing_frequency, amount/minute_BIN_High', 'num_stream_BIN_High', 'alloy_speed, meter/minute_BIN_Medium'})"
0.2446,"frozenset({'swing_frequency, amount/minute_BIN_High', 'num_stream_BIN_Low', 'alloy_speed, meter/minute_BIN_Medium'})"
0.236,"frozenset({'swing_frequency, amount/minute_BIN_High', 'alloy_speed, meter/minute_BIN_Medium', 'num_stream_BIN_Medium'})"
0.734,"frozenset({'swing_frequency, amount/minute_BIN_High', 'water_temperature_delta, Celsius deg._BIN_High', 'water_consumption, liter/minute_BIN_High'})"
0.7346,"frozenset({'swing_frequency, amount/minute_BIN_High', 'temperature_measurement1, Celsius deg._BIN_Low', 'water_consumption, liter/minute_BIN_High'})"
0.7346,"frozenset({'swing_frequency, amount/minute_BIN_High', 'temperature_measurement2, Celsius deg._BIN_Low', 'water_consumption, liter/minute_BIN_High'})"
0.2012,"frozenset({'swing_frequency, amount/minute_BIN_High', 'num_crystallizer_BIN_High', 'water_consumption, liter/minute_BIN_High'})"
0.172,"frozenset({'swing_frequency, amount/minute_BIN_High', 'num_crystallizer_BIN_Low', 'water_consumption, liter/minute_BIN_High'})"
0.3614,"frozenset({'swing_frequency, amount/minute_BIN_High', 'num_crystallizer_BIN_Medium', 'water_consumption, liter/minute_BIN_High'})"
0.2534,"frozenset({'swing_frequency, amount/minute_BIN_High', 'num_stream_BIN_High', 'water_consumption, liter/minute_BIN_High'})"
0.2448,"frozenset({'swing_frequency, amount/minute_BIN_High', 'num_stream_BIN_Low', 'water_consumption, liter/minute_BIN_High'})"
0.2364,"frozenset({'swing_frequency, amount/minute_BIN_High', 'water_consumption, liter/minute_BIN_High', 'num_stream_BIN_Medium'})"
0.7342,"frozenset({'swing_frequency, amount/minute_BIN_High', 'water_temperature_delta, Celsius deg._BIN_High', 'temperature_measurement1, Celsius deg._BIN_Low'})"
0.7342,"frozenset({'swing_frequency, amount/minute_BIN_High', 'water_temperature_delta, Celsius deg._BIN_High', 'temperature_measurement2, Celsius deg._BIN_Low'})"
0.201,"frozenset({'swing_frequency, amount/minute_BIN_High', 'water_temperature_delta, Celsius deg._BIN_High', 'num_crystallizer_BIN_High'})"
0.172,"frozenset({'swing_frequency, amount/minute_BIN_High', 'water_temperature_delta, Celsius deg._BIN_High', 'num_crystallizer_BIN_Low'})"
0.3612,"frozenset({'swing_frequency, amount/minute_BIN_High', 'num_crystallizer_BIN_Medium', 'water_temperature_delta, Celsius deg._BIN_High'})"
0.2532,"frozenset({'swing_frequency, amount/minute_BIN_High', 'water_temperature_delta, Celsius deg._BIN_High', 'num_stream_BIN_High'})"
0.2446,"frozenset({'swing_frequency, amount/minute_BIN_High', 'water_temperature_delta, Celsius deg._BIN_High', 'num_stream_BIN_Low'})"
0.2364,"frozenset({'swing_frequency, amount/minute_BIN_High', 'water_temperature_delta, Celsius deg._BIN_High', 'num_stream_BIN_Medium'})"
0.7348,"frozenset({'swing_frequency, amount/minute_BIN_High', 'temperature_measurement1, Celsius deg._BIN_Low', 'temperature_measurement2, Celsius deg._BIN_Low'})"
0.2014,"frozenset({'swing_frequency, amount/minute_BIN_High', 'num_crystallizer_BIN_High', 'temperature_measurement1, Celsius deg._BIN_Low'})"
0.172,"frozenset({'swing_frequency, amount/minute_BIN_High', 'num_crystallizer_BIN_Low', 'temperature_measurement1, Celsius deg._BIN_Low'})"
0.3614,"frozenset({'swing_frequency, amount/minute_BIN_High', 'num_crystallizer_BIN_Medium', 'temperature_measurement1, Celsius deg._BIN_Low'})"
0.2536,"frozenset({'swing_frequency, amount/minute_BIN_High', 'num_stream_BIN_High', 'temperature_measurement1, Celsius deg._BIN_Low'})"
0.2448,"frozenset({'swing_frequency, amount/minute_BIN_High', 'num_stream_BIN_Low', 'temperature_measurement1, Celsius deg._BIN_Low'})"
0.2364,"frozenset({'swing_frequency, amount/minute_BIN_High', 'temperature_measurement1, Celsius deg._BIN_Low', 'num_stream_BIN_Medium'})"
0.2014,"frozenset({'swing_frequency, amount/minute_BIN_High', 'num_crystallizer_BIN_High', 'temperature_measurement2, Celsius deg._BIN_Low'})"
0.172,"frozenset({'swing_frequency, amount/minute_BIN_High', 'num_crystallizer_BIN_Low', 'temperature_measurement2, Celsius deg._BIN_Low'})"
0.3614,"frozenset({'swing_frequency, amount/minute_BIN_High', 'num_crystallizer_BIN_Medium', 'temperature_measurement2, Celsius deg._BIN_Low'})"
0.2536,"frozenset({'swing_frequency, amount/minute_BIN_High', 'num_stream_BIN_High', 'temperature_measurement2, Celsius deg._BIN_Low'})"
0.2448,"frozenset({'swing_frequency, amount/minute_BIN_High', 'num_stream_BIN_Low', 'temperature_measurement2, Celsius deg._BIN_Low'})"
0.2364,"frozenset({'swing_frequency, amount/minute_BIN_High', 'temperature_measurement2, Celsius deg._BIN_Low', 'num_stream_BIN_Medium'})"
0.1696,"frozenset({'water_consumption, liter/minute_BIN_High', 'temperature_measurement1, Celsius deg._BIN_Low', 'swing_frequency, amount/minute_BIN_Medium'})"
0.1696,"frozenset({'water_consumption, liter/minute_BIN_High', 'swing_frequency, amount/minute_BIN_Medium', 'temperature_measurement2, Celsius deg._BIN_Low'})"
0.1696,"frozenset({'swing_frequency, amount/minute_BIN_Medium', 'temperature_measurement1, Celsius deg._BIN_Low', 'temperature_measurement2, Celsius deg._BIN_Low'})"
0.2552,"frozenset({'water_consumption, liter/minute_BIN_High', 'alloy_speed, meter/minute_BIN_Medium', 'crystallizer_movement, mm_BIN_High'})"
0.253,"frozenset({'water_temperature_delta, Celsius deg._BIN_High', 'alloy_speed, meter/minute_BIN_Medium', 'crystallizer_movement, mm_BIN_High'})"
0.2554,"frozenset({'crystallizer_movement, mm_BIN_High', 'alloy_speed, meter/minute_BIN_Medium', 'temperature_measurement1, Celsius deg._BIN_Low'})"
0.2554,"frozenset({'alloy_speed, meter/minute_BIN_Medium', 'crystallizer_movement, mm_BIN_High', 'temperature_measurement2, Celsius deg._BIN_Low'})"
0.3354,"frozenset({'water_consumption, liter/minute_BIN_High', 'water_temperature_delta, Celsius deg._BIN_High', 'crystallizer_movement, mm_BIN_High'})"
0.3378,"frozenset({'water_consumption, liter/minute_BIN_High', 'crystallizer_movement, mm_BIN_High', 'temperature_measurement1, Celsius deg._BIN_Low'})"
0.3378,"frozenset({'water_consumption, liter/minute_BIN_High', 'crystallizer_movement, mm_BIN_High', 'temperature_measurement2, Celsius deg._BIN_Low'})"
0.1536,"frozenset({'water_consumption, liter/minute_BIN_High', 'num_crystallizer_BIN_Medium', 'crystallizer_movement, mm_BIN_High'})"
0.3356,"frozenset({'water_temperature_delta, Celsius deg._BIN_High', 'crystallizer_movement, mm_BIN_High', 'temperature_measurement1, Celsius deg._BIN_Low'})"
0.3356,"frozenset({'water_temperature_delta, Celsius deg._BIN_High', 'crystallizer_movement, mm_BIN_High', 'temperature_measurement2, Celsius deg._BIN_Low'})"
0.1512,"frozenset({'num_crystallizer_BIN_Medium', 'water_temperature_delta, Celsius deg._BIN_High', 'crystallizer_movement, mm_BIN_High'})"
0.338,"frozenset({'crystallizer_movement, mm_BIN_High', 'temperature_measurement1, Celsius deg._BIN_Low', 'temperature_measurement2, Celsius deg._BIN_Low'})"
0.1536,"frozenset({'num_crystallizer_BIN_Medium', 'crystallizer_movement, mm_BIN_High', 'temperature_measurement1, Celsius deg._BIN_Low'})"
0.1536,"frozenset({'num_crystallizer_BIN_Medium', 'crystallizer_movement, mm_BIN_High', 'temperature_measurement2, Celsius deg._BIN_Low'})"
0.6238,"frozenset({'water_consumption, liter/minute_BIN_High', 'alloy_speed, meter/minute_BIN_Medium', 'crystallizer_movement, mm_BIN_Low'})"
0.609,"frozenset({'water_temperature_delta, Celsius deg._BIN_High', 'alloy_speed, meter/minute_BIN_Medium', 'crystallizer_movement, mm_BIN_Low'})"
0.6244,"frozenset({'alloy_speed, meter/minute_BIN_Medium', 'temperature_measurement1, Celsius deg._BIN_Low', 'crystallizer_movement, mm_BIN_Low'})"
0.6244,"frozenset({'alloy_speed, meter/minute_BIN_Medium', 'crystallizer_movement, mm_BIN_Low', 'temperature_measurement2, Celsius deg._BIN_Low'})"
0.1708,"frozenset({'alloy_speed, meter/minute_BIN_Medium', 'num_crystallizer_BIN_High', 'crystallizer_movement, mm_BIN_Low'})"
0.1582,"frozenset({'alloy_speed, meter/minute_BIN_Medium', 'num_crystallizer_BIN_Low', 'crystallizer_movement, mm_BIN_Low'})"
0.2954,"frozenset({'num_crystallizer_BIN_Medium', 'alloy_speed, meter/minute_BIN_Medium', 'crystallizer_movement, mm_BIN_Low'})"
0.2128,"frozenset({'num_stream_BIN_High', 'alloy_speed, meter/minute_BIN_Medium', 'crystallizer_movement, mm_BIN_Low'})"
0.2084,"frozenset({'num_stream_BIN_Low', 'alloy_speed, meter/minute_BIN_Medium', 'crystallizer_movement, mm_BIN_Low'})"
0.2032,"frozenset({'alloy_speed, meter/minute_BIN_Medium', 'crystallizer_movement, mm_BIN_Low', 'num_stream_BIN_Medium'})"
0.6136,"frozenset({'water_consumption, liter/minute_BIN_High', 'water_temperature_delta, Celsius deg._BIN_High', 'crystallizer_movement, mm_BIN_Low'})"
0.6328,"frozenset({'water_consumption, liter/minute_BIN_High', 'temperature_measurement1, Celsius deg._BIN_Low', 'crystallizer_movement, mm_BIN_Low'})"
0.6328,"frozenset({'water_consumption, liter/minute_BIN_High', 'crystallizer_movement, mm_BIN_Low', 'temperature_measurement2, Celsius deg._BIN_Low'})"
0.1724,"frozenset({'water_consumption, liter/minute_BIN_High', 'num_crystallizer_BIN_High', 'crystallizer_movement, mm_BIN_Low'})"
0.1608,"frozenset({'water_consumption, liter/minute_BIN_High', 'num_crystallizer_BIN_Low', 'crystallizer_movement, mm_BIN_Low'})"
0.2996,"frozenset({'water_consumption, liter/minute_BIN_High', 'num_crystallizer_BIN_Medium', 'crystallizer_movement, mm_BIN_Low'})"
0.2154,"frozenset({'water_consumption, liter/minute_BIN_High', 'num_stream_BIN_High', 'crystallizer_movement, mm_BIN_Low'})"
0.21,"frozenset({'water_consumption, liter/minute_BIN_High', 'num_stream_BIN_Low', 'crystallizer_movement, mm_BIN_Low'})"
0.2074,"frozenset({'water_consumption, liter/minute_BIN_High', 'crystallizer_movement, mm_BIN_Low', 'num_stream_BIN_Medium'})"
0.6136,"frozenset({'water_temperature_delta, Celsius deg._BIN_High', 'temperature_measurement1, Celsius deg._BIN_Low', 'crystallizer_movement, mm_BIN_Low'})"
0.6136,"frozenset({'water_temperature_delta, Celsius deg._BIN_High', 'crystallizer_movement, mm_BIN_Low', 'temperature_measurement2, Celsius deg._BIN_Low'})"
0.167,"frozenset({'water_temperature_delta, Celsius deg._BIN_High', 'num_crystallizer_BIN_High', 'crystallizer_movement, mm_BIN_Low'})"
0.1552,"frozenset({'water_temperature_delta, Celsius deg._BIN_High', 'num_crystallizer_BIN_Low', 'crystallizer_movement, mm_BIN_Low'})"
0.2914,"frozenset({'num_crystallizer_BIN_Medium', 'water_temperature_delta, Celsius deg._BIN_High', 'crystallizer_movement, mm_BIN_Low'})"
0.2074,"frozenset({'water_temperature_delta, Celsius deg._BIN_High', 'num_stream_BIN_High', 'crystallizer_movement, mm_BIN_Low'})"
0.2054,"frozenset({'water_temperature_delta, Celsius deg._BIN_High', 'num_stream_BIN_Low', 'crystallizer_movement, mm_BIN_Low'})"
0.2008,"frozenset({'water_temperature_delta, Celsius deg._BIN_High', 'crystallizer_movement, mm_BIN_Low', 'num_stream_BIN_Medium'})"
0.6334,"frozenset({'temperature_measurement1, Celsius deg._BIN_Low', 'temperature_measurement2, Celsius deg._BIN_Low', 'crystallizer_movement, mm_BIN_Low'})"
0.1728,"frozenset({'num_crystallizer_BIN_High', 'temperature_measurement1, Celsius deg._BIN_Low', 'crystallizer_movement, mm_BIN_Low'})"
0.1608,"frozenset({'num_crystallizer_BIN_Low', 'temperature_measurement1, Celsius deg._BIN_Low', 'crystallizer_movement, mm_BIN_Low'})"
0.2998,"frozenset({'num_crystallizer_BIN_Medium', 'temperature_measurement1, Celsius deg._BIN_Low', 'crystallizer_movement, mm_BIN_Low'})"
0.2158,"frozenset({'num_stream_BIN_High', 'temperature_measurement1, Celsius deg._BIN_Low', 'crystallizer_movement, mm_BIN_Low'})"
0.2102,"frozenset({'num_stream_BIN_Low', 'temperature_measurement1, Celsius deg._BIN_Low', 'crystallizer_movement, mm_BIN_Low'})"
0.2074,"frozenset({'temperature_measurement1, Celsius deg._BIN_Low', 'crystallizer_movement, mm_BIN_Low', 'num_stream_BIN_Medium'})"
0.1728,"frozenset({'num_crystallizer_BIN_High', 'temperature_measurement2, Celsius deg._BIN_Low', 'crystallizer_movement, mm_BIN_Low'})"
0.1608,"frozenset({'num_crystallizer_BIN_Low', 'crystallizer_movement, mm_BIN_Low', 'temperature_measurement2, Celsius deg._BIN_Low'})"
0.2998,"frozenset({'num_crystallizer_BIN_Medium', 'crystallizer_movement, mm_BIN_Low', 'temperature_measurement2, Celsius deg._BIN_Low'})"
0.2158,"frozenset({'num_stream_BIN_High', 'crystallizer_movement, mm_BIN_Low', 'temperature_measurement2, Celsius deg._BIN_Low'})"
0.2102,"frozenset({'num_stream_BIN_Low', 'crystallizer_movement, mm_BIN_Low', 'temperature_measurement2, Celsius deg._BIN_Low'})"
0.2074,"frozenset({'crystallizer_movement, mm_BIN_Low', 'temperature_measurement2, Celsius deg._BIN_Low', 'num_stream_BIN_Medium'})"
0.8644,"frozenset({'water_consumption, liter/minute_BIN_High', 'water_temperature_delta, Celsius deg._BIN_High', 'alloy_speed, meter/minute_BIN_Medium'})"
0.882,"frozenset({'water_consumption, liter/minute_BIN_High', 'alloy_speed, meter/minute_BIN_Medium', 'temperature_measurement1, Celsius deg._BIN_Low'})"
0.882,"frozenset({'water_consumption, liter/minute_BIN_High', 'alloy_speed, meter/minute_BIN_Medium', 'temperature_measurement2, Celsius deg._BIN_Low'})"
0.2344,"frozenset({'water_consumption, liter/minute_BIN_High', 'alloy_speed, meter/minute_BIN_Medium', 'num_crystallizer_BIN_High'})"
0.216,"frozenset({'water_consumption, liter/minute_BIN_High', 'alloy_speed, meter/minute_BIN_Medium', 'num_crystallizer_BIN_Low'})"
0.4316,"frozenset({'water_consumption, liter/minute_BIN_High', 'num_crystallizer_BIN_Medium', 'alloy_speed, meter/minute_BIN_Medium'})"
0.3004,"frozenset({'water_consumption, liter/minute_BIN_High', 'num_stream_BIN_High', 'alloy_speed, meter/minute_BIN_Medium'})"
0.2928,"frozenset({'water_consumption, liter/minute_BIN_High', 'num_stream_BIN_Low', 'alloy_speed, meter/minute_BIN_Medium'})"
0.2888,"frozenset({'water_consumption, liter/minute_BIN_High', 'alloy_speed, meter/minute_BIN_Medium', 'num_stream_BIN_Medium'})"
0.8646,"frozenset({'water_temperature_delta, Celsius deg._BIN_High', 'alloy_speed, meter/minute_BIN_Medium', 'temperature_measurement1, Celsius deg._BIN_Low'})"
0.8646,"frozenset({'water_temperature_delta, Celsius deg._BIN_High', 'alloy_speed, meter/minute_BIN_Medium', 'temperature_measurement2, Celsius deg._BIN_Low'})"
0.2298,"frozenset({'water_temperature_delta, Celsius deg._BIN_High', 'alloy_speed, meter/minute_BIN_Medium', 'num_crystallizer_BIN_High'})"
0.2116,"frozenset({'water_temperature_delta, Celsius deg._BIN_High', 'alloy_speed, meter/minute_BIN_Medium', 'num_crystallizer_BIN_Low'})"
0.4232,"frozenset({'num_crystallizer_BIN_Medium', 'alloy_speed, meter/minute_BIN_Medium', 'water_temperature_delta, Celsius deg._BIN_High'})"
0.2936,"frozenset({'num_stream_BIN_High', 'water_temperature_delta, Celsius deg._BIN_High', 'alloy_speed, meter/minute_BIN_Medium'})"
0.288,"frozenset({'num_stream_BIN_Low', 'water_temperature_delta, Celsius deg._BIN_High', 'alloy_speed, meter/minute_BIN_Medium'})"
0.283,"frozenset({'water_temperature_delta, Celsius deg._BIN_High', 'alloy_speed, meter/minute_BIN_Medium', 'num_stream_BIN_Medium'})"
0.8828,"frozenset({'alloy_speed, meter/minute_BIN_Medium', 'temperature_measurement1, Celsius deg._BIN_Low', 'temperature_measurement2, Celsius deg._BIN_Low'})"
0.235,"frozenset({'num_crystallizer_BIN_High', 'alloy_speed, meter/minute_BIN_Medium', 'temperature_measurement1, Celsius deg._BIN_Low'})"
0.216,"frozenset({'alloy_speed, meter/minute_BIN_Medium', 'temperature_measurement1, Celsius deg._BIN_Low', 'num_crystallizer_BIN_Low'})"
0.4318,"frozenset({'num_crystallizer_BIN_Medium', 'alloy_speed, meter/minute_BIN_Medium', 'temperature_measurement1, Celsius deg._BIN_Low'})"
0.301,"frozenset({'num_stream_BIN_High', 'alloy_speed, meter/minute_BIN_Medium', 'temperature_measurement1, Celsius deg._BIN_Low'})"
0.293,"frozenset({'num_stream_BIN_Low', 'alloy_speed, meter/minute_BIN_Medium', 'temperature_measurement1, Celsius deg._BIN_Low'})"
0.2888,"frozenset({'alloy_speed, meter/minute_BIN_Medium', 'temperature_measurement1, Celsius deg._BIN_Low', 'num_stream_BIN_Medium'})"
0.235,"frozenset({'alloy_speed, meter/minute_BIN_Medium', 'num_crystallizer_BIN_High', 'temperature_measurement2, Celsius deg._BIN_Low'})"
0.216,"frozenset({'alloy_speed, meter/minute_BIN_Medium', 'num_crystallizer_BIN_Low', 'temperature_measurement2, Celsius deg._BIN_Low'})"
0.4318,"frozenset({'num_crystallizer_BIN_Medium', 'alloy_speed, meter/minute_BIN_Medium', 'temperature_measurement2, Celsius deg._BIN_Low'})"
0.301,"frozenset({'num_stream_BIN_High', 'alloy_speed, meter/minute_BIN_Medium', 'temperature_measurement2, Celsius deg._BIN_Low'})"
0.293,"frozenset({'num_stream_BIN_Low', 'alloy_speed, meter/minute_BIN_Medium', 'temperature_measurement2, Celsius deg._BIN_Low'})"
0.2888,"frozenset({'alloy_speed, meter/minute_BIN_Medium', 'temperature_measurement2, Celsius deg._BIN_Low', 'num_stream_BIN_Medium'})"
0.181,"frozenset({'num_crystallizer_BIN_Medium', 'alloy_speed, meter/minute_BIN_Medium', 'num_stream_BIN_Medium'})"
0.9756,"frozenset({'water_consumption, liter/minute_BIN_High', 'water_temperature_delta, Celsius deg._BIN_High', 'temperature_measurement1, Celsius deg._BIN_Low'})"
0.9756,"frozenset({'water_consumption, liter/minute_BIN_High', 'water_temperature_delta, Celsius deg._BIN_High', 'temperature_measurement2, Celsius deg._BIN_Low'})"
0.266,"frozenset({'water_consumption, liter/minute_BIN_High', 'water_temperature_delta, Celsius deg._BIN_High', 'num_crystallizer_BIN_High'})"
0.2588,"frozenset({'water_consumption, liter/minute_BIN_High', 'water_temperature_delta, Celsius deg._BIN_High', 'num_crystallizer_BIN_Low'})"
0.4508,"frozenset({'water_consumption, liter/minute_BIN_High', 'num_crystallizer_BIN_Medium', 'water_temperature_delta, Celsius deg._BIN_High'})"
0.3276,"frozenset({'water_consumption, liter/minute_BIN_High', 'water_temperature_delta, Celsius deg._BIN_High', 'num_stream_BIN_High'})"
0.3214,"frozenset({'water_consumption, liter/minute_BIN_High', 'water_temperature_delta, Celsius deg._BIN_High', 'num_stream_BIN_Low'})"
0.3266,"frozenset({'water_consumption, liter/minute_BIN_High', 'water_temperature_delta, Celsius deg._BIN_High', 'num_stream_BIN_Medium'})"
0.9992,"frozenset({'water_consumption, liter/minute_BIN_High', 'temperature_measurement1, Celsius deg._BIN_Low', 'temperature_measurement2, Celsius deg._BIN_Low'})"
0.2716,"frozenset({'water_consumption, liter/minute_BIN_High', 'num_crystallizer_BIN_High', 'temperature_measurement1, Celsius deg._BIN_Low'})"
0.2656,"frozenset({'water_consumption, liter/minute_BIN_High', 'num_crystallizer_BIN_Low', 'temperature_measurement1, Celsius deg._BIN_Low'})"
0.462,"frozenset({'water_consumption, liter/minute_BIN_High', 'num_crystallizer_BIN_Medium', 'temperature_measurement1, Celsius deg._BIN_Low'})"
0.3362,"frozenset({'water_consumption, liter/minute_BIN_High', 'num_stream_BIN_High', 'temperature_measurement1, Celsius deg._BIN_Low'})"
0.3284,"frozenset({'water_consumption, liter/minute_BIN_High', 'num_stream_BIN_Low', 'temperature_measurement1, Celsius deg._BIN_Low'})"
0.3346,"frozenset({'water_consumption, liter/minute_BIN_High', 'temperature_measurement1, Celsius deg._BIN_Low', 'num_stream_BIN_Medium'})"
0.2716,"frozenset({'water_consumption, liter/minute_BIN_High', 'num_crystallizer_BIN_High', 'temperature_measurement2, Celsius deg._BIN_Low'})"
0.2656,"frozenset({'water_consumption, liter/minute_BIN_High', 'num_crystallizer_BIN_Low', 'temperature_measurement2, Celsius deg._BIN_Low'})"
0.462,"frozenset({'water_consumption, liter/minute_BIN_High', 'num_crystallizer_BIN_Medium', 'temperature_measurement2, Celsius deg._BIN_Low'})"
0.3362,"frozenset({'water_consumption, liter/minute_BIN_High', 'num_stream_BIN_High', 'temperature_measurement2, Celsius deg._BIN_Low'})"
0.3284,"frozenset({'water_consumption, liter/minute_BIN_High', 'num_stream_BIN_Low', 'temperature_measurement2, Celsius deg._BIN_Low'})"
0.3346,"frozenset({'water_consumption, liter/minute_BIN_High', 'temperature_measurement2, Celsius deg._BIN_Low', 'num_stream_BIN_Medium'})"
0.1988,"frozenset({'water_consumption, liter/minute_BIN_High', 'num_crystallizer_BIN_Medium', 'num_stream_BIN_Medium'})"
0.9758,"frozenset({'water_temperature_delta, Celsius deg._BIN_High', 'temperature_measurement1, Celsius deg._BIN_Low', 'temperature_measurement2, Celsius deg._BIN_Low'})"
0.2662,"frozenset({'num_crystallizer_BIN_High', 'water_temperature_delta, Celsius deg._BIN_High', 'temperature_measurement1, Celsius deg._BIN_Low'})"
0.2588,"frozenset({'water_temperature_delta, Celsius deg._BIN_High', 'num_crystallizer_BIN_Low', 'temperature_measurement1, Celsius deg._BIN_Low'})"
0.4508,"frozenset({'num_crystallizer_BIN_Medium', 'water_temperature_delta, Celsius deg._BIN_High', 'temperature_measurement1, Celsius deg._BIN_Low'})"
0.3278,"frozenset({'water_temperature_delta, Celsius deg._BIN_High', 'num_stream_BIN_High', 'temperature_measurement1, Celsius deg._BIN_Low'})"
0.3214,"frozenset({'water_temperature_delta, Celsius deg._BIN_High', 'num_stream_BIN_Low', 'temperature_measurement1, Celsius deg._BIN_Low'})"
0.3266,"frozenset({'water_temperature_delta, Celsius deg._BIN_High', 'temperature_measurement1, Celsius deg._BIN_Low', 'num_stream_BIN_Medium'})"
0.2662,"frozenset({'water_temperature_delta, Celsius deg._BIN_High', 'num_crystallizer_BIN_High', 'temperature_measurement2, Celsius deg._BIN_Low'})"
0.2588,"frozenset({'water_temperature_delta, Celsius deg._BIN_High', 'num_crystallizer_BIN_Low', 'temperature_measurement2, Celsius deg._BIN_Low'})"
0.4508,"frozenset({'num_crystallizer_BIN_Medium', 'water_temperature_delta, Celsius deg._BIN_High', 'temperature_measurement2, Celsius deg._BIN_Low'})"
0.3278,"frozenset({'water_temperature_delta, Celsius deg._BIN_High', 'num_stream_BIN_High', 'temperature_measurement2, Celsius deg._BIN_Low'})"
0.3214,"frozenset({'water_temperature_delta, Celsius deg._BIN_High', 'num_stream_BIN_Low', 'temperature_measurement2, Celsius deg._BIN_Low'})"
0.3266,"frozenset({'water_temperature_delta, Celsius deg._BIN_High', 'temperature_measurement2, Celsius deg._BIN_Low', 'num_stream_BIN_Medium'})"
0.1932,"frozenset({'num_crystallizer_BIN_Medium', 'water_temperature_delta, Celsius deg._BIN_High', 'num_stream_BIN_Medium'})"
0.2722,"frozenset({'num_crystallizer_BIN_High', 'temperature_measurement1, Celsius deg._BIN_Low', 'temperature_measurement2, Celsius deg._BIN_Low'})"
0.2656,"frozenset({'num_crystallizer_BIN_Low', 'temperature_measurement1, Celsius deg._BIN_Low', 'temperature_measurement2, Celsius deg._BIN_Low'})"
0.4622,"frozenset({'num_crystallizer_BIN_Medium', 'temperature_measurement1, Celsius deg._BIN_Low', 'temperature_measurement2, Celsius deg._BIN_Low'})"
0.3368,"frozenset({'num_stream_BIN_High', 'temperature_measurement1, Celsius deg._BIN_Low', 'temperature_measurement2, Celsius deg._BIN_Low'})"
0.3286,"frozenset({'num_stream_BIN_Low', 'temperature_measurement1, Celsius deg._BIN_Low', 'temperature_measurement2, Celsius deg._BIN_Low'})"
0.3346,"frozenset({'temperature_measurement1, Celsius deg._BIN_Low', 'temperature_measurement2, Celsius deg._BIN_Low', 'num_stream_BIN_Medium'})"
0.1988,"frozenset({'num_crystallizer_BIN_Medium', 'temperature_measurement1, Celsius deg._BIN_Low', 'num_stream_BIN_Medium'})"
0.1988,"frozenset({'num_crystallizer_BIN_Medium', 'temperature_measurement2, Celsius deg._BIN_Low', 'num_stream_BIN_Medium'})"
